Order_ID,Order_Date,Month,Quarter,Year,Week_Number,Region,City,Product_Category,Product_Name,Units_Sold,Unit_Price,Discount_Percentage,Sales_Amount,Marketing_Spend,Stock_Available,Reorder_Level,Previous_Month_Sales,Forecasted_Sales,Actual_Sales,Forecast_Error_Percentage,Demand_Level,Stock_Risk,Season
ORD100000,16-10-2025,October,Q4,2025,42,North,Delhi,Home Appliances,Microwave,353,9000,2.05,3111871.5,76482,456,100,3224511.93,3168191.71,2820465.07,10.98,Medium Demand,Healthy Stock,Festive
ORD100001,05-04-2024,April,Q2,2024,14,South,Hyderabad,Office Supplies,Paper Ream,77,350,11.22,23926.21,98850,2332,100,23155.98,23541.1,23683.16,0.6,Low Demand,Overstocked,Summer
ORD100002,11-10-2024,October,Q4,2024,41,North,Bangalore,Fashion,T-Shirt,425,1200,19.14,412386,49118,518,100,345207.63,378796.82,379124.3,0.09,Medium Demand,Healthy Stock,Festive
ORD100003,18-12-2024,December,Q4,2024,51,Central,Ahmedabad,Electronics,Printer,599,12000,2.5,7008300,54615,422,100,7154186.54,7081243.27,7470013.34,5.49,High Demand,Stockout Risk,Winter
ORD100004,25-09-2025,September,Q3,2025,39,East,Lucknow,Furniture,Bookshelf,121,10000,0.92,1198868,34871,1285,100,1431554.62,1315211.31,1284063.81,2.37,Low Demand,Overstocked,Monsoon
ORD100005,13-04-2024,April,Q2,2024,15,West,Ahmedabad,Fashion,Jacket,423,4500,3.25,1841636.25,51566,958,100,1966996.56,1904316.41,1915972.17,0.61,Medium Demand,Overstocked,Summer
ORD100006,30-11-2025,November,Q4,2025,48,North,Lucknow,Furniture,Bookshelf,382,10000,7.59,3530062,88886,2381,100,3134151.67,3332106.83,3406003.43,2.22,Medium Demand,Overstocked,Festive
ORD100007,27-02-2024,February,Q1,2024,9,South,Delhi,Home Appliances,Refrigerator,324,35000,1.32,11190312,79341,1388,100,9903992.55,10547152.28,11188591.51,6.08,Medium Demand,Overstocked,Spring
ORD100008,20-10-2025,October,Q4,2025,43,West,Bangalore,Home Appliances,Microwave,411,9000,10.78,3300247.8,81622,1854,100,3825413.44,3562830.62,3233847.15,9.23,Medium Demand,Overstocked,Festive
ORD100009,12-08-2024,August,Q3,2024,33,South,Jaipur,Fashion,Shoes,98,3000,17.22,243373.2,25033,755,100,271806.92,257590.06,239584.36,6.99,Low Demand,Overstocked,Monsoon
ORD100010,06-03-2024,March,Q1,2024,10,West,Kolkata,Office Supplies,Pen Set,591,500,5.03,280636.35,77512,147,100,300873.98,290755.16,259002.19,10.92,High Demand,Stockout Risk,Spring
ORD100011,03-07-2025,July,Q3,2025,27,East,Pune,Electronics,Tablet,495,18000,3.16,8628444,5425,1178,100,10257108.01,9442776,9080509.23,3.84,Medium Demand,Overstocked,Monsoon
ORD100012,03-06-2025,June,Q2,2025,23,North,Ahmedabad,Office Supplies,Paper Ream,253,350,3.06,85840.37,26174,2309,100,101411.8,93626.08,93092.75,0.57,Medium Demand,Overstocked,Summer
ORD100013,01-01-2024,January,Q1,2024,1,Central,Pune,Fashion,Shoes,164,3000,18.58,400586.4,45306,1080,100,329750.73,365168.57,430871.5,17.99,Low Demand,Overstocked,Winter
ORD100014,21-03-2024,March,Q1,2024,12,North,Chennai,Electronics,Mobile,181,25000,13.2,3927700,77063,776,100,3558585.17,3743142.58,4220261.05,12.75,Low Demand,Overstocked,Spring
ORD100015,09-03-2025,March,Q1,2025,10,South,Jaipur,Furniture,Bookshelf,369,10000,7.98,3395538,93039,1629,100,3311464.59,3353501.29,3407473.89,1.61,Medium Demand,Overstocked,Spring
ORD100016,03-05-2024,May,Q2,2024,18,South,Hyderabad,Electronics,Tablet,71,18000,11.77,1127579.4,35161,1002,100,905306.82,1016443.11,1174450.83,15.55,Low Demand,Overstocked,Summer
ORD100017,01-03-2024,March,Q1,2024,9,South,Mumbai,Electronics,Tablet,122,18000,10.28,1970251.2,41500,2088,100,1745041.09,1857646.15,1825363.6,1.74,Low Demand,Overstocked,Spring
ORD100018,07-08-2025,August,Q3,2025,32,Central,Chennai,Furniture,Desk,466,15000,3.81,6723681,17704,1865,100,6331818.33,6527749.67,6604137.01,1.17,Medium Demand,Overstocked,Monsoon
ORD100019,25-02-2024,February,Q1,2024,8,North,Delhi,Fashion,Jacket,397,4500,16.01,1500481.35,19322,1118,100,1315376.01,1407928.68,1511370.57,7.35,Medium Demand,Overstocked,Spring
ORD100020,23-05-2024,May,Q2,2024,21,West,Bangalore,Home Appliances,Refrigerator,305,35000,17.49,8807942.5,14880,1915,100,9893159.39,9350550.95,9435009.68,0.9,Medium Demand,Overstocked,Summer
ORD100021,10-04-2024,April,Q2,2024,15,North,Jaipur,Electronics,Laptop,292,60000,3.33,16936584,68653,2071,100,14997326.84,15966955.42,16601376.12,3.97,Medium Demand,Overstocked,Summer
ORD100022,01-03-2024,March,Q1,2024,9,South,Kolkata,Electronics,Printer,321,12000,18.53,3138224.4,64638,1268,100,3041576.49,3089900.45,3425257.48,10.85,Medium Demand,Overstocked,Spring
ORD100023,23-07-2025,July,Q3,2025,30,West,Bangalore,Furniture,Desk,272,15000,19.37,3289704,80914,2320,100,2711976.15,3000840.08,3167067,5.54,Medium Demand,Overstocked,Monsoon
ORD100024,21-02-2024,February,Q1,2024,8,Central,Chennai,Office Supplies,Paper Ream,211,350,1.14,73008.11,71562,428,100,83268.45,78138.28,66707.82,14.63,Medium Demand,Healthy Stock,Spring
ORD100025,10-03-2024,March,Q1,2024,10,South,Kolkata,Electronics,Mobile,642,25000,11.89,14141655,86183,435,100,13684737.65,13913196.32,14378307.93,3.34,High Demand,Stockout Risk,Spring
ORD100026,19-06-2025,June,Q2,2025,25,East,Ahmedabad,Furniture,Bookshelf,371,10000,4.77,3533033,56876,636,100,3775667.89,3654350.45,3391709.62,7.19,Medium Demand,Healthy Stock,Summer
ORD100027,19-11-2024,November,Q4,2024,47,North,Delhi,Fashion,Jacket,876,4500,1.47,3884052.6,32938,2172,100,3519263.02,3701657.81,4220613.04,14.02,High Demand,Overstocked,Festive
ORD100028,11-03-2024,March,Q1,2024,11,South,Pune,Home Appliances,Microwave,498,9000,16.67,3734850.6,97214,1339,100,3901690.51,3818270.55,4098799.14,7.35,Medium Demand,Overstocked,Spring
ORD100029,31-10-2025,October,Q4,2025,44,Central,Delhi,Office Supplies,Pen Set,216,500,2.69,105094.8,20129,538,100,115285.49,110190.15,97852.67,11.2,Medium Demand,Overstocked,Festive
ORD100030,15-10-2024,October,Q4,2024,42,Central,Hyderabad,Home Appliances,Microwave,963,9000,10.11,7790766.3,37914,308,100,6520243.36,7155504.83,7671685.64,7.21,High Demand,Stockout Risk,Festive
ORD100031,10-10-2024,October,Q4,2024,41,North,Delhi,Home Appliances,Microwave,405,9000,8.84,3322782,97493,1851,100,3403734.09,3363258.04,3064850.3,8.87,Medium Demand,Overstocked,Festive
ORD100032,08-12-2025,December,Q4,2025,50,South,Jaipur,Electronics,Tablet,646,18000,11.05,10343106,61333,622,100,8447540.93,9395323.46,10063121.26,7.11,High Demand,Healthy Stock,Winter
ORD100033,10-02-2024,February,Q1,2024,6,East,Hyderabad,Furniture,Bookshelf,155,10000,7.07,1440415,78385,1764,100,1713423.78,1576919.39,1512285.26,4.1,Low Demand,Overstocked,Spring
ORD100034,30-08-2024,August,Q3,2024,35,South,Bangalore,Fashion,Shoes,233,3000,14.73,596037.3,48540,1786,100,668094.67,632065.99,639436.45,1.17,Medium Demand,Overstocked,Monsoon
ORD100035,11-09-2024,September,Q3,2024,37,East,Bangalore,Electronics,Printer,89,12000,17.17,884624.4,34154,917,100,996648.49,940636.45,877601.05,6.7,Low Demand,Overstocked,Monsoon
ORD100036,08-11-2024,November,Q4,2024,45,South,Hyderabad,Electronics,Mobile,595,25000,17.29,12303112.5,41585,1538,100,12999378.8,12651245.65,12056258.88,4.7,High Demand,Overstocked,Festive
ORD100037,03-07-2025,July,Q3,2025,27,East,Delhi,Electronics,Tablet,232,18000,11.61,3691166.4,39795,256,100,3112985.86,3402076.13,3642859.19,7.08,Medium Demand,Healthy Stock,Monsoon
ORD100038,17-11-2024,November,Q4,2024,46,West,Lucknow,Office Supplies,Notebook,614,200,3.8,118133.6,10817,1886,100,94586.8,106360.2,128188.55,20.52,High Demand,Overstocked,Festive
ORD100039,05-07-2025,July,Q3,2025,27,South,Pune,Fashion,Shoes,388,3000,12.46,1018965.6,91951,610,100,1108534.41,1063750,978272.65,8.04,Medium Demand,Healthy Stock,Monsoon
ORD100040,12-11-2024,November,Q4,2024,46,West,Pune,Fashion,Jacket,469,4500,3.84,2029456.8,92153,1652,100,2173400.44,2101428.62,2192952.09,4.36,Medium Demand,Overstocked,Festive
ORD100041,22-09-2025,September,Q3,2025,39,Central,Ahmedabad,Fashion,Jacket,50,4500,6.08,211320,32549,1860,100,235474.62,223397.31,215827.94,3.39,Low Demand,Overstocked,Monsoon
ORD100042,25-11-2024,November,Q4,2024,48,West,Chennai,Fashion,Jacket,355,4500,15.87,1343976.75,27241,447,100,1227742.33,1285859.54,1388019.9,7.94,Medium Demand,Healthy Stock,Festive
ORD100043,26-09-2025,September,Q3,2025,39,East,Mumbai,Furniture,Bookshelf,367,10000,4.49,3505217,31100,703,100,2838420.11,3171818.55,3326340.55,4.87,Medium Demand,Overstocked,Monsoon
ORD100044,01-05-2025,May,Q2,2025,18,Central,Mumbai,Fashion,T-Shirt,694,1200,11.51,736944.72,99155,1672,100,735287.23,736115.97,699210.86,5.01,High Demand,Overstocked,Summer
ORD100045,02-11-2025,November,Q4,2025,44,North,Mumbai,Fashion,Shoes,315,3000,13.92,813456,65889,305,100,832134.84,822795.42,881374.7,7.12,Medium Demand,Healthy Stock,Festive
ORD100046,04-05-2024,May,Q2,2024,18,West,Bangalore,Fashion,Jacket,593,4500,19.76,2141204.4,83047,1399,100,2526655.12,2333929.76,2308828.98,1.08,High Demand,Overstocked,Summer
ORD100047,19-09-2025,September,Q3,2025,38,Central,Kolkata,Office Supplies,Pen Set,212,500,14.87,90237.8,67216,1943,100,81545.79,85891.79,85676.09,0.25,Medium Demand,Overstocked,Monsoon
ORD100048,14-10-2025,October,Q4,2025,42,East,Jaipur,Fashion,Jacket,379,4500,1.55,1679064.75,42450,1060,100,1525742.7,1602403.73,1618520.89,1.01,Medium Demand,Overstocked,Festive
ORD100049,07-07-2025,July,Q3,2025,28,North,Bangalore,Furniture,Office Chair,442,8000,13.88,3045203.2,97591,976,100,2514398.52,2779800.86,2988927.46,7.52,Medium Demand,Overstocked,Monsoon
ORD100050,09-07-2025,July,Q3,2025,28,West,Kolkata,Electronics,Mobile,480,25000,7.79,11065200,81556,180,100,12644124.51,11854662.25,11652971.42,1.7,Medium Demand,Stockout Risk,Monsoon
ORD100051,24-01-2025,January,Q1,2025,4,West,Delhi,Home Appliances,Refrigerator,449,35000,17.07,13032449.5,59921,2304,100,14322743.68,13677596.59,13152692.9,3.84,Medium Demand,Overstocked,Winter
ORD100052,09-09-2025,September,Q3,2025,37,South,Chennai,Furniture,Desk,496,15000,9.71,6717576,55968,1476,100,7171344.55,6944460.28,7118134.74,2.5,Medium Demand,Overstocked,Monsoon
ORD100053,18-06-2024,June,Q2,2024,25,West,Bangalore,Office Supplies,Paper Ream,77,350,18.14,22061.27,82580,2411,100,23499.66,22780.47,20225.54,11.22,Low Demand,Overstocked,Summer
ORD100054,14-03-2025,March,Q1,2025,11,South,Chennai,Furniture,Office Chair,316,8000,7.58,2336377.6,32742,1962,100,2174556.17,2255466.88,2458443.85,9,Medium Demand,Overstocked,Spring
ORD100055,23-01-2025,January,Q1,2025,4,East,Kolkata,Home Appliances,Microwave,531,9000,0.39,4760361.9,75702,313,100,5712258.77,5236310.33,4617513.29,11.82,High Demand,Stockout Risk,Winter
ORD100056,27-10-2025,October,Q4,2025,44,North,Delhi,Electronics,Mobile,349,25000,12.43,7640482.5,36266,617,100,7559680,7600081.25,7051232.36,7.22,Medium Demand,Overstocked,Festive
ORD100057,11-08-2024,August,Q3,2024,32,West,Ahmedabad,Home Appliances,Microwave,670,9000,12.14,5297958,99156,569,100,5886649.9,5592303.95,4941687.08,11.63,High Demand,Stockout Risk,Monsoon
ORD100058,14-11-2024,November,Q4,2024,46,North,Lucknow,Electronics,Tablet,863,18000,19.16,12557685.6,56990,912,100,10427884.43,11492785.02,13036420.78,13.43,High Demand,Healthy Stock,Festive
ORD100059,04-10-2025,October,Q4,2025,40,South,Mumbai,Home Appliances,Air Conditioner,910,45000,15.92,34430760,79177,268,100,32326403.81,33378581.91,33937560.11,1.67,High Demand,Stockout Risk,Festive
ORD100060,14-01-2025,January,Q1,2025,3,North,Jaipur,Home Appliances,Microwave,480,9000,16.45,3609360,18833,1875,100,4274619.29,3941989.65,3707235.09,5.96,Medium Demand,Overstocked,Winter
ORD100061,15-04-2025,April,Q2,2025,16,South,Kolkata,Furniture,Bookshelf,584,10000,19.31,4712296,40400,2304,100,5229972.72,4971134.36,4679190.96,5.87,High Demand,Overstocked,Summer
ORD100062,29-08-2025,August,Q3,2025,35,East,Pune,Furniture,Office Chair,335,8000,17.63,2207516,36963,2003,100,2269193.68,2238354.84,2281771.75,1.94,Medium Demand,Overstocked,Monsoon
ORD100063,10-12-2024,December,Q4,2024,50,North,Chennai,Home Appliances,Microwave,549,9000,4.24,4731501.6,38862,1494,100,4314483.11,4522992.36,4822493.11,6.62,High Demand,Overstocked,Winter
ORD100064,09-10-2024,October,Q4,2024,41,Central,Delhi,Office Supplies,Notebook,176,200,8.13,32338.24,77768,1084,100,34803.83,33571.04,33281.89,0.86,Low Demand,Overstocked,Festive
ORD100065,17-05-2025,May,Q2,2025,20,West,Delhi,Electronics,Tablet,276,18000,8.09,4566088.8,36890,1354,100,4865551.21,4715820,4446475.95,5.71,Medium Demand,Overstocked,Summer
ORD100066,20-07-2025,July,Q3,2025,29,Central,Pune,Fashion,Jacket,613,4500,6.62,2575887.3,97124,1958,100,2339849.91,2457868.6,2447816.08,0.41,High Demand,Overstocked,Monsoon
ORD100067,03-05-2024,May,Q2,2024,18,South,Pune,Electronics,Mobile,246,25000,4.33,5883705,68464,1232,100,6412261.76,6147983.38,6444548.02,4.82,Medium Demand,Overstocked,Summer
ORD100068,21-06-2025,June,Q2,2025,25,Central,Ahmedabad,Electronics,Mobile,353,25000,4.55,8423462.5,28519,1338,100,6786441.3,7604951.9,8480969.63,11.52,Medium Demand,Overstocked,Summer
ORD100069,07-10-2024,October,Q4,2024,41,North,Delhi,Office Supplies,Pen Set,240,500,15.06,101928,18446,150,100,104947.69,103437.85,101304.14,2.06,Medium Demand,Stockout Risk,Festive
ORD100070,27-03-2025,March,Q1,2025,13,East,Bangalore,Electronics,Tablet,539,18000,2.28,9480794.4,13564,1741,100,9449494.73,9465144.57,9626838.75,1.71,High Demand,Overstocked,Spring
ORD100071,03-12-2025,December,Q4,2025,49,North,Bangalore,Furniture,Bookshelf,361,10000,1.7,3548630,37530,585,100,3631061.89,3589845.95,3489136.52,2.81,Medium Demand,Healthy Stock,Winter
ORD100072,02-09-2025,September,Q3,2025,36,Central,Hyderabad,Office Supplies,Pen Set,511,500,18.17,209075.65,43974,1856,100,192799.55,200937.6,214136.42,6.57,High Demand,Overstocked,Monsoon
ORD100073,16-09-2025,September,Q3,2025,38,North,Hyderabad,Furniture,Desk,133,15000,3.14,1932357,27782,2360,100,1603906.45,1768131.73,1740155.39,1.58,Low Demand,Overstocked,Monsoon
ORD100074,06-04-2025,April,Q2,2025,14,Central,Chennai,Home Appliances,Microwave,287,9000,5.76,2434219.2,42056,1959,100,2016682.22,2225450.71,2304438.22,3.55,Medium Demand,Overstocked,Summer
ORD100075,27-09-2024,September,Q3,2024,39,Central,Hyderabad,Fashion,Shoes,607,3000,4.5,1739055,24528,1188,100,1966266.82,1852660.91,1589986.63,14.18,High Demand,Healthy Stock,Monsoon
ORD100076,18-06-2024,June,Q2,2024,25,East,Lucknow,Office Supplies,Pen Set,499,500,2.49,243287.45,95266,1345,100,262724.53,253005.99,264826.96,4.67,Medium Demand,Overstocked,Summer
ORD100077,27-05-2025,May,Q2,2025,22,Central,Chennai,Fashion,Shoes,662,3000,0.8,1970112,61626,1420,100,2051843,2010977.5,1783292.15,11.32,High Demand,Overstocked,Summer
ORD100078,22-08-2024,August,Q3,2024,34,Central,Lucknow,Electronics,Tablet,640,18000,0.8,11427840,27962,2027,100,11514526.3,11471183.15,11295801.38,1.53,High Demand,Overstocked,Monsoon
ORD100079,11-10-2024,October,Q4,2024,41,South,Lucknow,Fashion,Jacket,771,4500,9.4,3143367,58523,1465,100,2918375.17,3030871.08,2894789.47,4.49,High Demand,Overstocked,Festive
ORD100080,13-06-2024,June,Q2,2024,24,East,Kolkata,Fashion,T-Shirt,460,1200,16.27,462189.6,77102,250,100,453838,458013.8,445043.95,2.83,Medium Demand,Stockout Risk,Summer
ORD100081,27-11-2024,November,Q4,2024,48,North,Kolkata,Office Supplies,Notebook,798,200,1.08,157876.32,72952,1581,100,165620.71,161748.52,157828.74,2.42,High Demand,Healthy Stock,Festive
ORD100082,28-03-2025,March,Q1,2025,13,North,Hyderabad,Home Appliances,Air Conditioner,184,45000,18.55,6744060,62424,2085,100,5722809.92,6233434.96,7382246.1,18.43,Low Demand,Overstocked,Spring
ORD100083,15-09-2025,September,Q3,2025,38,South,Bangalore,Home Appliances,Air Conditioner,64,45000,11.05,2561760,17217,1020,100,3066177.86,2813968.93,2773325.45,1.44,Low Demand,Overstocked,Monsoon
ORD100084,17-04-2025,April,Q2,2025,16,North,Bangalore,Fashion,Jacket,348,4500,10.18,1406581.2,40838,1801,100,1594907.76,1500744.48,1541681.81,2.73,Medium Demand,Overstocked,Summer
ORD100085,06-09-2024,September,Q3,2024,36,West,Jaipur,Furniture,Desk,245,15000,18.44,2997330,71616,659,100,3433773.54,3215551.77,2863197.93,10.96,Medium Demand,Overstocked,Monsoon
ORD100086,28-02-2025,February,Q1,2025,9,East,Jaipur,Home Appliances,Microwave,339,9000,14.52,2607994.8,81931,2475,100,3128448.68,2868221.74,2602591.22,9.26,Medium Demand,Overstocked,Spring
ORD100087,01-06-2024,June,Q2,2024,22,West,Jaipur,Fashion,T-Shirt,390,1200,11.04,416332.8,76228,1645,100,408896.2,412614.5,401492.81,2.7,Medium Demand,Overstocked,Summer
ORD100088,12-07-2024,July,Q3,2024,28,South,Lucknow,Fashion,Shoes,470,3000,0.87,1397733,66993,1661,100,1334040.41,1365886.71,1443491.66,5.68,Medium Demand,Overstocked,Monsoon
ORD100089,29-10-2025,October,Q4,2025,44,South,Chennai,Electronics,Mobile,786,25000,6.64,18345240,18154,1903,100,15407886.01,16876563,19851170.22,17.63,High Demand,Overstocked,Festive
ORD100090,16-01-2024,January,Q1,2024,3,South,Kolkata,Furniture,Office Chair,530,8000,15.63,3577288,39737,1486,100,3753661.75,3665474.88,3503941.66,4.41,High Demand,Overstocked,Winter
ORD100091,23-03-2024,March,Q1,2024,12,East,Jaipur,Fashion,T-Shirt,691,1200,14.37,710043.96,68956,2316,100,578231.14,644137.55,648755.91,0.72,High Demand,Overstocked,Spring
ORD100092,08-10-2025,October,Q4,2025,41,East,Hyderabad,Electronics,Printer,204,12000,14.08,2103321.6,18173,1917,100,1822624.74,1962973.17,2018964.14,2.85,Medium Demand,Overstocked,Festive
ORD100093,30-01-2024,January,Q1,2024,5,North,Pune,Electronics,Tablet,417,18000,7.5,6943050,24080,1100,100,7029605.72,6986327.86,7034598.37,0.69,Medium Demand,Overstocked,Winter
ORD100094,03-07-2024,July,Q3,2024,27,South,Bangalore,Electronics,Printer,684,12000,13.66,7086787.2,70230,2488,100,6075127.69,6580957.45,7031722.74,6.85,High Demand,Overstocked,Monsoon
ORD100095,17-09-2024,September,Q3,2024,38,West,Ahmedabad,Electronics,Printer,344,12000,13.55,3568656,25706,402,100,3485477.46,3527066.73,3458431.37,1.95,Medium Demand,Healthy Stock,Monsoon
ORD100096,24-08-2025,August,Q3,2025,34,East,Kolkata,Home Appliances,Refrigerator,359,35000,3.98,12064913,55422,2079,100,10166635.36,11115774.18,11778647.11,5.96,Medium Demand,Overstocked,Monsoon
ORD100097,02-01-2025,January,Q1,2025,1,Central,Ahmedabad,Home Appliances,Microwave,455,9000,5.49,3870184.5,79177,300,100,4505849.85,4188017.17,4059956.79,3.06,Medium Demand,Stockout Risk,Winter
ORD100098,20-10-2024,October,Q4,2024,42,South,Lucknow,Home Appliances,Microwave,327,9000,13.56,2543929.2,99493,660,100,2674430.84,2609180.02,2749175.29,5.37,Medium Demand,Overstocked,Festive
ORD100099,23-10-2025,October,Q4,2025,43,North,Ahmedabad,Fashion,Shoes,838,3000,2.63,2447881.8,43680,1438,100,2690203.36,2569042.58,2289082.85,10.9,High Demand,Healthy Stock,Festive
ORD100100,15-05-2024,May,Q2,2024,20,Central,Pune,Office Supplies,Paper Ream,329,350,16.61,96023.58,38681,2073,100,113975.54,104999.56,92089.33,12.3,Medium Demand,Overstocked,Summer
ORD100101,12-12-2024,December,Q4,2024,50,North,Chennai,Electronics,Mobile,281,25000,17.2,5816700,99924,1727,100,6903887.18,6360293.59,6171038.99,2.98,Medium Demand,Overstocked,Winter
ORD100102,09-01-2025,January,Q1,2025,2,North,Kolkata,Electronics,Tablet,599,18000,2.47,10515684.6,53311,1173,100,10871367.5,10693526.05,11193772.33,4.68,High Demand,Healthy Stock,Winter
ORD100103,15-01-2025,January,Q1,2025,3,North,Hyderabad,Fashion,Shoes,684,3000,17.68,1689206.4,78584,1443,100,1969787.58,1829496.99,1595072.74,12.81,High Demand,Overstocked,Winter
ORD100104,05-03-2024,March,Q1,2024,10,West,Ahmedabad,Fashion,Shoes,193,3000,0.91,573731.1,9877,1346,100,687542.68,630636.89,529682.38,16.01,Low Demand,Overstocked,Spring
ORD100105,28-08-2024,August,Q3,2024,35,Central,Bangalore,Fashion,T-Shirt,429,1200,13.41,445765.32,96289,2312,100,431345.12,438555.22,467364.34,6.57,Medium Demand,Overstocked,Monsoon
ORD100106,07-06-2024,June,Q2,2024,23,West,Mumbai,Fashion,Jacket,467,4500,18.78,1706838.3,41666,234,100,1836749.63,1771793.96,1610323.31,9.11,Medium Demand,Stockout Risk,Summer
ORD100107,31-03-2025,March,Q1,2025,14,South,Pune,Electronics,Tablet,607,18000,18.03,8956042.2,89518,1569,100,7381749.42,8168895.81,8554599.15,4.72,High Demand,Overstocked,Spring
ORD100108,05-05-2024,May,Q2,2024,18,West,Mumbai,Furniture,Bookshelf,661,10000,19.42,5326338,11629,1466,100,4780002.51,5053170.25,4927846.84,2.48,High Demand,Overstocked,Summer
ORD100109,01-08-2025,August,Q3,2025,31,South,Mumbai,Office Supplies,Notebook,650,200,4.32,124384,35539,1445,100,138034.82,131209.41,131564.53,0.27,High Demand,Overstocked,Monsoon
ORD100110,02-09-2025,September,Q3,2025,36,North,Ahmedabad,Furniture,Office Chair,603,8000,5.01,4582317.6,27871,550,100,4877524.51,4729921.05,4147712.41,12.31,High Demand,Stockout Risk,Monsoon
ORD100111,16-01-2024,January,Q1,2024,3,East,Hyderabad,Office Supplies,Pen Set,66,500,3.48,31851.6,11868,619,100,34931.24,33391.42,32017.77,4.11,Low Demand,Overstocked,Winter
ORD100112,06-03-2024,March,Q1,2024,10,West,Chennai,Home Appliances,Air Conditioner,657,45000,2.18,28920483,71039,1007,100,34073137.21,31496810.11,26279262.26,16.57,High Demand,Healthy Stock,Spring
ORD100113,05-11-2025,November,Q4,2025,45,Central,Ahmedabad,Fashion,Jacket,101,4500,9.58,410958.9,57640,1846,100,441550.27,426254.59,410159.08,3.78,Low Demand,Overstocked,Festive
ORD100114,30-03-2025,March,Q1,2025,13,North,Mumbai,Home Appliances,Air Conditioner,201,45000,1.31,8926510.5,41046,2497,100,9099172.19,9012841.34,8614413.7,4.42,Medium Demand,Overstocked,Spring
ORD100115,03-09-2025,September,Q3,2025,36,Central,Ahmedabad,Fashion,Jacket,669,4500,8.6,2751597,96983,568,100,3139894.38,2945745.69,2834649.37,3.77,High Demand,Stockout Risk,Monsoon
ORD100116,18-07-2025,July,Q3,2025,29,South,Kolkata,Fashion,Shoes,473,3000,6.78,1322791.8,64441,1733,100,1278340.52,1300566.16,1215668.37,6.53,Medium Demand,Overstocked,Monsoon
ORD100117,13-03-2025,March,Q1,2025,11,East,Ahmedabad,Home Appliances,Microwave,535,9000,1.34,4750479,16188,481,100,4621031.33,4685755.17,4982861.95,6.34,High Demand,Stockout Risk,Spring
ORD100118,16-01-2025,January,Q1,2025,3,South,Jaipur,Electronics,Tablet,175,18000,8.22,2891070,92207,1832,100,3316742.07,3103906.04,3018890.38,2.74,Low Demand,Overstocked,Winter
ORD100119,21-10-2024,October,Q4,2024,43,Central,Ahmedabad,Home Appliances,Microwave,850,9000,3.09,7413615,68201,1018,100,8443439.81,7928527.41,7191375.57,9.3,High Demand,Healthy Stock,Festive
ORD100120,23-07-2025,July,Q3,2025,30,East,Mumbai,Home Appliances,Air Conditioner,281,45000,16.14,10604097,78526,2380,100,8594636.87,9599366.93,11514107.29,19.95,Medium Demand,Overstocked,Monsoon
ORD100121,11-12-2025,December,Q4,2025,50,East,Delhi,Furniture,Desk,366,15000,18.43,4478193,51009,125,100,3907502.04,4192847.52,4158675.26,0.82,Medium Demand,Stockout Risk,Winter
ORD100122,04-11-2025,November,Q4,2025,45,West,Mumbai,Furniture,Bookshelf,974,10000,1.84,9560784,74531,981,100,9087312.58,9324048.29,9472147.48,1.59,High Demand,Healthy Stock,Festive
ORD100123,10-06-2024,June,Q2,2024,24,East,Ahmedabad,Home Appliances,Air Conditioner,800,45000,1.05,35622000,25632,303,100,38100845.36,36861422.68,33998369.5,7.77,High Demand,Stockout Risk,Summer
ORD100124,08-11-2025,November,Q4,2025,45,West,Chennai,Office Supplies,Pen Set,611,500,15.1,259369.5,19918,1513,100,252098.19,255733.85,248125.65,2.98,High Demand,Overstocked,Festive
ORD100125,25-11-2025,November,Q4,2025,48,Central,Chennai,Office Supplies,Paper Ream,458,350,7.91,147620.27,83554,324,100,118550.12,133085.2,141757.36,6.52,Medium Demand,Stockout Risk,Festive
ORD100126,04-08-2024,August,Q3,2024,31,South,Ahmedabad,Home Appliances,Refrigerator,172,35000,0.15,6010970,61446,819,100,5119388.55,5565179.28,6050140.3,8.71,Low Demand,Overstocked,Monsoon
ORD100127,23-08-2024,August,Q3,2024,34,Central,Jaipur,Home Appliances,Microwave,456,9000,17.24,3396470.4,10544,1886,100,2742638.35,3069554.38,3682563.55,19.97,Medium Demand,Overstocked,Monsoon
ORD100128,16-11-2024,November,Q4,2024,46,Central,Kolkata,Office Supplies,Pen Set,616,500,8.1,283052,47568,803,100,317167.94,300109.97,289739.12,3.46,High Demand,Healthy Stock,Festive
ORD100129,07-12-2025,December,Q4,2025,49,East,Mumbai,Fashion,Shoes,299,3000,8.71,818871.3,57487,2246,100,680857.78,749864.54,879553.66,17.3,Medium Demand,Overstocked,Winter
ORD100130,13-12-2024,December,Q4,2024,50,South,Pune,Furniture,Office Chair,572,8000,12.66,3996678.4,74547,2188,100,3507331.02,3752004.71,4217477.48,12.41,High Demand,Overstocked,Winter
ORD100131,25-12-2024,December,Q4,2024,52,South,Hyderabad,Electronics,Mobile,312,25000,3.95,7491900,83957,726,100,8271702.79,7881801.39,7724911.59,1.99,Medium Demand,Overstocked,Winter
ORD100132,30-06-2024,June,Q2,2024,26,West,Chennai,Office Supplies,Paper Ream,509,350,13.62,153885.97,78989,1423,100,176306.96,165096.46,157801.36,4.42,High Demand,Overstocked,Summer
ORD100133,03-06-2024,June,Q2,2024,23,West,Mumbai,Fashion,T-Shirt,696,1200,6.06,784586.88,41002,330,100,738121.2,761354.04,717770,5.72,High Demand,Stockout Risk,Summer
ORD100134,17-04-2025,April,Q2,2025,16,West,Delhi,Electronics,Tablet,343,18000,1.53,6079537.8,16835,2176,100,5798620.54,5939079.17,6177210.93,4.01,Medium Demand,Overstocked,Summer
ORD100135,12-02-2024,February,Q1,2024,7,West,Lucknow,Furniture,Desk,669,15000,9.51,9080671.5,24773,353,100,8900958.14,8990814.82,9645428.99,7.28,High Demand,Stockout Risk,Spring
ORD100136,17-12-2024,December,Q4,2024,51,North,Jaipur,Furniture,Office Chair,303,8000,14.15,2081004,62595,2246,100,2099939.5,2090471.75,1938973.9,7.25,Medium Demand,Overstocked,Winter
ORD100137,16-01-2025,January,Q1,2025,3,East,Kolkata,Fashion,T-Shirt,662,1200,1.05,786058.8,87691,1470,100,649571.28,717815.04,722310.37,0.63,High Demand,Overstocked,Winter
ORD100138,25-11-2025,November,Q4,2025,48,West,Ahmedabad,Home Appliances,Air Conditioner,921,45000,6.67,38680618.5,81380,679,100,45128622.76,41904620.63,37212547.75,11.2,High Demand,Stockout Risk,Festive
ORD100139,02-11-2025,November,Q4,2025,44,West,Bangalore,Office Supplies,Paper Ream,176,350,7.53,56961.52,48054,623,100,60837.56,58899.54,60709.12,3.07,Low Demand,Overstocked,Festive
ORD100140,02-12-2025,December,Q4,2025,49,Central,Mumbai,Fashion,Jacket,483,4500,6.18,2039177.7,33074,1499,100,2404327.76,2221752.73,2033578.49,8.47,Medium Demand,Overstocked,Winter
ORD100141,19-08-2024,August,Q3,2024,34,South,Bangalore,Electronics,Tablet,153,18000,10.15,2474469,75748,2256,100,2016937.2,2245703.1,2393684.7,6.59,Low Demand,Overstocked,Monsoon
ORD100142,24-09-2025,September,Q3,2025,39,South,Lucknow,Fashion,Shoes,216,3000,3.62,624542.4,95812,778,100,679797.66,652170.03,567545.71,12.98,Medium Demand,Overstocked,Monsoon
ORD100143,08-01-2025,January,Q1,2025,2,South,Chennai,Office Supplies,Pen Set,509,500,4.68,242589.4,36348,1367,100,287768.92,265179.16,256386.44,3.32,High Demand,Overstocked,Winter
ORD100144,17-07-2024,July,Q3,2024,29,East,Lucknow,Fashion,T-Shirt,338,1200,15.56,342488.64,70916,2260,100,331345.54,336917.09,319340.39,5.22,Medium Demand,Overstocked,Monsoon
ORD100145,23-07-2024,July,Q3,2024,30,Central,Bangalore,Home Appliances,Microwave,542,9000,17.48,4025325.6,77684,520,100,4365708.71,4195517.16,4038133.69,3.75,High Demand,Healthy Stock,Monsoon
ORD100146,07-05-2024,May,Q2,2024,19,East,Mumbai,Furniture,Desk,510,15000,18.11,6264585,24313,1891,100,5241486.98,5753035.99,6778913.64,17.83,High Demand,Overstocked,Summer
ORD100147,06-04-2025,April,Q2,2025,14,East,Delhi,Fashion,Shoes,455,3000,10.04,1227954,35903,1681,100,1470855.75,1349404.88,1197233.7,11.28,Medium Demand,Overstocked,Summer
ORD100148,29-01-2024,January,Q1,2024,5,East,Mumbai,Home Appliances,Microwave,190,9000,0.77,1696833,66925,668,100,1872517.09,1784675.04,1686350.01,5.51,Low Demand,Overstocked,Winter
ORD100149,22-09-2025,September,Q3,2025,39,North,Mumbai,Electronics,Tablet,270,18000,16.7,4048380,76932,2261,100,3924102.44,3986241.22,4271990.35,7.17,Medium Demand,Overstocked,Monsoon
ORD100150,31-08-2024,August,Q3,2024,35,East,Mumbai,Electronics,Mobile,479,25000,12.78,10444595,86633,1972,100,8618074.1,9531334.55,11147908.38,16.96,Medium Demand,Overstocked,Monsoon
ORD100151,26-05-2025,May,Q2,2025,22,Central,Jaipur,Electronics,Mobile,197,25000,5.83,4637872.5,5205,1545,100,4156580.51,4397226.5,4560482.73,3.71,Low Demand,Overstocked,Summer
ORD100152,11-11-2025,November,Q4,2025,46,North,Jaipur,Home Appliances,Microwave,782,9000,15.73,5930922.6,71535,2369,100,4792978.56,5361950.58,6373762.57,18.87,High Demand,Overstocked,Festive
ORD100153,14-02-2024,February,Q1,2024,7,West,Pune,Home Appliances,Air Conditioner,66,45000,7.14,2757942,13855,1512,100,2472358.13,2615150.06,2844598.96,8.77,Low Demand,Overstocked,Spring
ORD100154,16-04-2024,April,Q2,2024,16,Central,Pune,Furniture,Office Chair,410,8000,10.92,2921824,89252,817,100,3307953.16,3114888.58,3029745.99,2.73,Medium Demand,Overstocked,Summer
ORD100155,13-12-2025,December,Q4,2025,50,West,Bangalore,Furniture,Office Chair,518,8000,0.74,4113334.4,31422,279,100,4592306.22,4352820.31,4430711.37,1.79,High Demand,Stockout Risk,Winter
ORD100156,19-11-2024,November,Q4,2024,47,East,Jaipur,Fashion,Jacket,687,4500,15.07,2625610.95,30048,1271,100,2475398.88,2550504.92,2773087.09,8.73,High Demand,Overstocked,Festive
ORD100157,02-11-2025,November,Q4,2025,44,East,Ahmedabad,Electronics,Tablet,687,18000,14.87,10527175.8,55678,1488,100,12521964.38,11524570.09,10519181.94,8.72,High Demand,Overstocked,Festive
ORD100158,24-05-2025,May,Q2,2025,21,East,Jaipur,Home Appliances,Microwave,484,9000,1.58,4287175.2,83964,839,100,4365157.88,4326166.54,4133875.61,4.44,Medium Demand,Healthy Stock,Summer
ORD100159,22-03-2024,March,Q1,2024,12,East,Ahmedabad,Home Appliances,Refrigerator,667,35000,14.35,19994992.5,26842,1918,100,18807665.72,19401329.11,18164871.48,6.37,High Demand,Overstocked,Spring
ORD100160,27-12-2024,December,Q4,2024,52,Central,Kolkata,Home Appliances,Air Conditioner,108,45000,1.5,4787100,88560,1763,100,4525362.69,4656231.35,5075375.31,9,Low Demand,Overstocked,Winter
ORD100161,26-11-2025,November,Q4,2025,48,South,Delhi,Furniture,Bookshelf,625,10000,1.34,6166250,89562,1600,100,5826244.41,5996247.21,6720555.32,12.08,High Demand,Overstocked,Festive
ORD100162,03-02-2024,February,Q1,2024,5,Central,Bangalore,Fashion,T-Shirt,430,1200,8.88,470179.2,15077,2450,100,402039.91,436109.55,457667.73,4.94,Medium Demand,Overstocked,Spring
ORD100163,17-11-2024,November,Q4,2024,46,East,Hyderabad,Electronics,Laptop,317,60000,7.74,17547852,78619,582,100,15875728.95,16711790.47,16706572.08,0.03,Medium Demand,Overstocked,Festive
ORD100164,01-04-2025,April,Q2,2025,14,South,Lucknow,Home Appliances,Air Conditioner,678,45000,2.71,29683179,14706,1951,100,25796539.1,27739859.05,30949878.35,11.57,High Demand,Overstocked,Summer
ORD100165,30-03-2024,March,Q1,2024,13,East,Pune,Electronics,Tablet,357,18000,17.03,5331652.2,98298,813,100,5958006.99,5644829.6,5340988.72,5.38,Medium Demand,Overstocked,Spring
ORD100166,04-05-2024,May,Q2,2024,18,South,Bangalore,Furniture,Desk,76,15000,7.22,1057692,80009,1611,100,1043902.17,1050797.08,1159867.58,10.38,Low Demand,Overstocked,Summer
ORD100167,12-05-2024,May,Q2,2024,19,Central,Mumbai,Electronics,Tablet,457,18000,19.99,6581622.6,99223,2060,100,6649270.24,6615446.42,6935930.5,4.84,Medium Demand,Overstocked,Summer
ORD100168,11-08-2025,August,Q3,2025,33,North,Bangalore,Home Appliances,Air Conditioner,125,45000,9,5118750,94143,2219,100,4800394.01,4959572,5505686.71,11.01,Low Demand,Overstocked,Monsoon
ORD100169,18-07-2025,July,Q3,2025,29,Central,Bangalore,Furniture,Desk,564,15000,18.21,6919434,12263,608,100,6969536.61,6944485.3,6648364.54,4.26,High Demand,Healthy Stock,Monsoon
ORD100170,14-06-2024,June,Q2,2024,24,East,Hyderabad,Home Appliances,Air Conditioner,451,45000,5.01,19278220.5,88238,2356,100,17538947.41,18408583.95,19760262.23,7.34,Medium Demand,Overstocked,Summer
ORD100171,21-09-2025,September,Q3,2025,38,Central,Mumbai,Office Supplies,Paper Ream,222,350,11.84,68500.32,81106,731,100,59491.17,63995.75,70205.69,9.7,Medium Demand,Overstocked,Monsoon
ORD100172,11-09-2025,September,Q3,2025,37,East,Lucknow,Electronics,Laptop,133,60000,0.91,7907382,89076,2462,100,7162999.74,7535190.87,7450032.28,1.13,Low Demand,Overstocked,Monsoon
ORD100173,08-08-2025,August,Q3,2025,32,West,Lucknow,Electronics,Printer,692,12000,10.91,7398033.6,89136,1337,100,7347563.68,7372798.64,7848852.24,6.46,High Demand,Overstocked,Monsoon
ORD100174,02-12-2025,December,Q4,2025,49,West,Ahmedabad,Fashion,Shoes,111,3000,3.16,322477.2,59476,2083,100,317890.56,320183.88,312170.35,2.5,Low Demand,Overstocked,Winter
ORD100175,27-05-2024,May,Q2,2024,22,East,Pune,Home Appliances,Refrigerator,183,35000,15.21,5430799.5,72499,2400,100,4575305.06,5003052.28,5150285.52,2.94,Low Demand,Overstocked,Summer
ORD100176,05-05-2024,May,Q2,2024,18,East,Chennai,Furniture,Office Chair,149,8000,1.01,1179960.8,55351,1812,100,1061148.32,1120554.56,1266170.51,12.99,Low Demand,Overstocked,Summer
ORD100177,12-06-2024,June,Q2,2024,24,East,Lucknow,Home Appliances,Microwave,213,9000,9.97,1725875.1,72466,2012,100,1725018.86,1725446.98,1659788.06,3.81,Medium Demand,Overstocked,Summer
ORD100178,24-01-2024,January,Q1,2024,4,North,Kolkata,Office Supplies,Pen Set,296,500,4.3,141636,51254,299,100,116172.14,128904.07,141491.37,9.76,Medium Demand,Healthy Stock,Winter
ORD100179,31-10-2025,October,Q4,2025,44,West,Ahmedabad,Office Supplies,Notebook,210,200,17.65,34587,52943,1751,100,32732.27,33659.64,33899.28,0.71,Medium Demand,Overstocked,Festive
ORD100180,06-08-2025,August,Q3,2025,32,Central,Hyderabad,Home Appliances,Air Conditioner,345,45000,1.47,15296782.5,71093,1944,100,16914595.39,16105688.95,14622869.52,9.21,Medium Demand,Overstocked,Monsoon
ORD100181,30-09-2025,September,Q3,2025,40,Central,Mumbai,Furniture,Office Chair,453,8000,7.46,3353649.6,49444,2384,100,3942481.47,3648065.54,3524662.37,3.38,Medium Demand,Overstocked,Monsoon
ORD100182,22-07-2024,July,Q3,2024,30,Central,Jaipur,Fashion,Jacket,91,4500,0.91,405773.55,22961,1464,100,455110.07,430441.81,407342.49,5.37,Low Demand,Overstocked,Monsoon
ORD100183,01-06-2024,June,Q2,2024,22,Central,Jaipur,Furniture,Desk,677,15000,6.37,9508126.5,56505,1325,100,9864584.85,9686355.68,9522036.86,1.7,High Demand,Overstocked,Summer
ORD100184,05-06-2025,June,Q2,2025,23,Central,Chennai,Office Supplies,Pen Set,536,500,16.31,224289.2,53281,1456,100,239882.36,232085.78,245816.39,5.92,High Demand,Overstocked,Summer
ORD100185,20-08-2025,August,Q3,2025,34,East,Delhi,Office Supplies,Pen Set,321,500,19.34,129459.3,80821,2465,100,115350.47,122404.89,117843.05,3.73,Medium Demand,Overstocked,Monsoon
ORD100186,06-05-2025,May,Q2,2025,19,South,Jaipur,Office Supplies,Pen Set,201,500,16.43,83987.85,36745,229,100,86425.86,85206.86,87356.11,2.52,Medium Demand,Healthy Stock,Summer
ORD100187,14-07-2024,July,Q3,2024,28,North,Chennai,Home Appliances,Refrigerator,205,35000,8.26,6582345,31724,1780,100,6587135.64,6584740.32,6729102.41,2.19,Medium Demand,Overstocked,Monsoon
ORD100188,27-04-2025,April,Q2,2025,17,North,Bangalore,Office Supplies,Notebook,624,200,6.5,116688,91799,2059,100,117877.15,117282.57,112341.43,4.21,High Demand,Overstocked,Summer
ORD100189,26-06-2024,June,Q2,2024,26,West,Jaipur,Home Appliances,Air Conditioner,536,45000,17.35,19935180,94226,1182,100,20812938.58,20374059.29,18708226.16,8.18,High Demand,Overstocked,Summer
ORD100190,09-09-2024,September,Q3,2024,37,East,Jaipur,Home Appliances,Microwave,354,9000,15.42,2694718.8,97392,949,100,2899776.03,2797247.42,2688792.08,3.88,Medium Demand,Overstocked,Monsoon
ORD100191,06-05-2025,May,Q2,2025,19,East,Jaipur,Home Appliances,Refrigerator,174,35000,11.47,5391477,76197,1655,100,6244970.37,5818223.69,5277751.83,9.29,Low Demand,Overstocked,Summer
ORD100192,19-12-2024,December,Q4,2024,51,South,Ahmedabad,Electronics,Tablet,130,18000,6.93,2177838,62983,1150,100,2393303.27,2285570.63,2053259.92,10.16,Low Demand,Overstocked,Winter
ORD100193,05-07-2025,July,Q3,2025,27,East,Jaipur,Home Appliances,Microwave,161,9000,12.31,1270628.1,81917,1080,100,1139732.08,1205180.09,1313787.26,9.01,Low Demand,Overstocked,Monsoon
ORD100194,27-06-2025,June,Q2,2025,26,South,Hyderabad,Electronics,Laptop,473,60000,6.61,26504082,66918,511,100,28425012.91,27464547.45,24582361.31,10.49,Medium Demand,Healthy Stock,Summer
ORD100195,17-07-2025,July,Q3,2025,29,South,Kolkata,Fashion,T-Shirt,254,1200,15.12,258714.24,42649,1415,100,236507.8,247611.02,235904.06,4.73,Medium Demand,Overstocked,Monsoon
ORD100196,01-04-2024,April,Q2,2024,14,Central,Hyderabad,Office Supplies,Paper Ream,88,350,18.26,25175.92,27946,1811,100,29025.27,27100.6,23543.46,13.13,Low Demand,Overstocked,Summer
ORD100197,07-02-2024,February,Q1,2024,6,West,Chennai,Furniture,Bookshelf,346,10000,17.53,2853462,6214,1322,100,2931032.64,2892247.32,2629351.49,9.09,Medium Demand,Overstocked,Spring
ORD100198,09-12-2024,December,Q4,2024,50,East,Chennai,Office Supplies,Paper Ream,555,350,17.79,159692.93,22589,2165,100,157650.19,158671.56,149881.76,5.54,High Demand,Overstocked,Winter
ORD100199,25-04-2024,April,Q2,2024,17,East,Bangalore,Fashion,Jacket,313,4500,14.37,1206098.55,6846,1480,100,1346376.33,1276237.44,1222448.72,4.21,Medium Demand,Overstocked,Summer
ORD100200,16-07-2024,July,Q3,2024,29,South,Lucknow,Fashion,T-Shirt,577,1200,6.56,646978.56,57538,490,100,565402.64,606190.6,600475.28,0.94,High Demand,Stockout Risk,Monsoon
ORD100201,27-11-2024,November,Q4,2024,48,South,Delhi,Home Appliances,Refrigerator,383,35000,5.34,12689173,48204,1336,100,13107716.5,12898444.75,12874123.65,0.19,Medium Demand,Overstocked,Festive
ORD100202,24-09-2024,September,Q3,2024,39,East,Hyderabad,Electronics,Laptop,526,60000,6.14,29622216,58138,2158,100,34635551.09,32128883.55,31919723.45,0.65,High Demand,Overstocked,Monsoon
ORD100203,14-11-2024,November,Q4,2024,46,North,Ahmedabad,Home Appliances,Air Conditioner,354,45000,2.67,15504669,25078,1963,100,17041087.66,16272878.33,15832558.48,2.71,Medium Demand,Overstocked,Festive
ORD100204,01-03-2025,March,Q1,2025,9,Central,Chennai,Office Supplies,Paper Ream,273,350,15.24,80988.18,94173,435,100,81814.48,81401.33,81444.52,0.05,Medium Demand,Healthy Stock,Spring
ORD100205,05-01-2025,January,Q1,2025,1,North,Lucknow,Electronics,Laptop,610,60000,18.06,29990040,31497,2445,100,30429815.85,30209927.93,27977931.18,7.39,High Demand,Overstocked,Winter
ORD100206,16-06-2025,June,Q2,2025,25,West,Mumbai,Furniture,Bookshelf,647,10000,9.78,5837234,71895,1924,100,6557997.17,6197615.58,5782868.69,6.69,High Demand,Overstocked,Summer
ORD100207,09-06-2025,June,Q2,2025,24,West,Chennai,Office Supplies,Notebook,622,200,9.25,112893,45392,189,100,108194.34,110543.67,120038.07,8.59,High Demand,Stockout Risk,Summer
ORD100208,11-08-2024,August,Q3,2024,32,Central,Mumbai,Electronics,Printer,402,12000,14.01,4148157.6,75931,346,100,4869244.78,4508701.19,3790602.3,15.93,Medium Demand,Stockout Risk,Monsoon
ORD100209,28-04-2025,April,Q2,2025,18,North,Ahmedabad,Fashion,Shoes,188,3000,15.32,477595.2,89656,1821,100,453612.46,465603.83,514975.01,10.6,Low Demand,Overstocked,Summer
ORD100210,04-04-2025,April,Q2,2025,14,West,Kolkata,Electronics,Mobile,406,25000,2.37,9909445,75419,1709,100,10023770.42,9966607.71,10361034.54,3.96,Medium Demand,Overstocked,Summer
ORD100211,16-08-2024,August,Q3,2024,33,North,Delhi,Home Appliances,Refrigerator,607,35000,8.48,19443424,54712,1040,100,17479731.8,18461577.9,18845187.7,2.08,High Demand,Healthy Stock,Monsoon
ORD100212,09-10-2024,October,Q4,2024,41,South,Mumbai,Electronics,Printer,926,12000,17.68,9147398.4,7050,1085,100,8071963,8609680.7,8417247.05,2.24,High Demand,Healthy Stock,Festive
ORD100213,04-02-2024,February,Q1,2024,5,West,Lucknow,Electronics,Mobile,95,25000,8.05,2183812.5,35715,2310,100,1936840.09,2060326.29,2342676.23,13.7,Low Demand,Overstocked,Spring
ORD100214,27-02-2024,February,Q1,2024,9,South,Jaipur,Home Appliances,Microwave,639,9000,6.38,5384086.2,83370,1413,100,4817473.66,5100779.93,5789247.65,13.5,High Demand,Overstocked,Spring
ORD100215,07-11-2025,November,Q4,2025,45,Central,Hyderabad,Fashion,T-Shirt,416,1200,18.97,404501.76,27955,1849,100,413538.44,409020.1,367844.52,10.07,Medium Demand,Overstocked,Festive
ORD100216,18-12-2024,December,Q4,2024,51,West,Jaipur,Home Appliances,Air Conditioner,476,45000,8.17,19669986,44306,1641,100,17182747.58,18426366.79,19819195.69,7.56,Medium Demand,Overstocked,Winter
ORD100217,03-09-2024,September,Q3,2024,36,South,Ahmedabad,Furniture,Desk,109,15000,11.25,1451062.5,59592,2382,100,1468470.5,1459766.5,1418680.31,2.81,Low Demand,Overstocked,Monsoon
ORD100218,18-09-2024,September,Q3,2024,38,South,Pune,Electronics,Printer,429,12000,1.85,5052762,99972,880,100,4146370.53,4599566.26,4928633.8,7.15,Medium Demand,Overstocked,Monsoon
ORD100219,11-09-2025,September,Q3,2025,37,Central,Delhi,Electronics,Mobile,651,25000,14.49,13916752.5,78249,988,100,13802046.21,13859399.36,14945127.73,7.83,High Demand,Healthy Stock,Monsoon
ORD100220,06-12-2024,December,Q4,2024,49,East,Delhi,Furniture,Office Chair,170,8000,14.94,1156816,67773,1093,100,1247337.45,1202076.73,1203960.55,0.16,Low Demand,Overstocked,Winter
ORD100221,10-02-2025,February,Q1,2025,7,South,Jaipur,Home Appliances,Refrigerator,439,35000,9.33,13931445.5,90029,1571,100,12863863.7,13397654.6,13540374.83,1.07,Medium Demand,Overstocked,Spring
ORD100222,24-05-2025,May,Q2,2025,21,West,Mumbai,Fashion,T-Shirt,258,1200,7.41,286658.64,59254,287,100,293827.94,290243.29,270678.8,6.74,Medium Demand,Healthy Stock,Summer
ORD100223,29-05-2024,May,Q2,2024,22,North,Ahmedabad,Office Supplies,Paper Ream,643,350,14.4,192642.8,43691,724,100,169232.21,180937.51,182240.81,0.72,High Demand,Healthy Stock,Summer
ORD100224,06-08-2025,August,Q3,2025,32,South,Chennai,Office Supplies,Paper Ream,395,350,5.15,131130.12,69044,2109,100,129075.52,130102.82,137234.81,5.48,Medium Demand,Overstocked,Monsoon
ORD100225,26-12-2024,December,Q4,2024,52,South,Bangalore,Office Supplies,Pen Set,238,500,18.34,97175.4,76058,340,100,98106.12,97640.76,103765.22,6.27,Medium Demand,Healthy Stock,Winter
ORD100226,17-03-2024,March,Q1,2024,11,North,Delhi,Fashion,Shoes,695,3000,4.63,1988464.5,97690,718,100,1598042.59,1793253.54,1990744.44,11.01,High Demand,Healthy Stock,Spring
ORD100227,17-01-2025,January,Q1,2025,3,North,Lucknow,Office Supplies,Pen Set,549,500,0.31,273649.05,74758,2359,100,263944.2,268796.62,247199.56,8.03,High Demand,Overstocked,Winter
ORD100228,08-10-2024,October,Q4,2024,41,Central,Ahmedabad,Electronics,Printer,294,12000,1.93,3459909.6,24516,1087,100,3033554.71,3246732.16,3478216.66,7.13,Medium Demand,Overstocked,Festive
ORD100229,28-12-2024,December,Q4,2024,52,East,Kolkata,Electronics,Tablet,465,18000,9.18,7601634,36877,1025,100,6993426.17,7297530.08,8100395.57,11,Medium Demand,Overstocked,Winter
ORD100230,23-03-2024,March,Q1,2024,12,North,Mumbai,Fashion,T-Shirt,436,1200,11.05,465386.4,12355,138,100,503146.95,484266.68,426543.96,11.92,Medium Demand,Stockout Risk,Spring
ORD100231,20-03-2025,March,Q1,2025,12,East,Lucknow,Electronics,Laptop,285,60000,4.23,16376670,95739,2421,100,16216180.52,16296425.26,14891509.01,8.62,Medium Demand,Overstocked,Spring
ORD100232,17-03-2024,March,Q1,2024,11,East,Jaipur,Office Supplies,Paper Ream,83,350,3.59,28007.1,46220,164,100,33176.87,30591.99,28494.63,6.86,Low Demand,Healthy Stock,Spring
ORD100233,30-12-2025,December,Q4,2025,1,West,Mumbai,Home Appliances,Microwave,627,9000,4.81,5371571.7,56007,2314,100,5010021.61,5190796.66,5646176.4,8.77,High Demand,Overstocked,Winter
ORD100234,23-05-2024,May,Q2,2024,21,North,Jaipur,Home Appliances,Microwave,150,9000,8.74,1232010,14963,1495,100,1283837.58,1257923.79,1260066.62,0.17,Low Demand,Overstocked,Summer
ORD100235,01-09-2025,September,Q3,2025,36,West,Pune,Electronics,Tablet,511,18000,9.81,8295676.2,51636,2365,100,9759507.48,9027591.84,8182602.73,9.36,High Demand,Overstocked,Monsoon
ORD100236,27-11-2025,November,Q4,2025,48,Central,Kolkata,Electronics,Tablet,409,18000,1.64,7241263.2,25214,1656,100,7854387.2,7547825.2,7435185.51,1.49,Medium Demand,Overstocked,Festive
ORD100237,02-02-2025,February,Q1,2025,5,East,Pune,Electronics,Laptop,55,60000,18.86,2677620,63292,1574,100,2957534.64,2817577.32,2464605.38,12.53,Low Demand,Overstocked,Spring
ORD100238,30-03-2024,March,Q1,2024,13,South,Kolkata,Fashion,Jacket,618,4500,10.25,2495947.5,18538,207,100,2086231.57,2291089.54,2523013.46,10.12,High Demand,Stockout Risk,Spring
ORD100239,03-09-2025,September,Q3,2025,36,Central,Pune,Fashion,Shoes,348,3000,8.28,957556.8,16101,2391,100,1112760.51,1035158.66,1049132.37,1.35,Medium Demand,Overstocked,Monsoon
ORD100240,08-08-2025,August,Q3,2025,32,Central,Bangalore,Fashion,Shoes,192,3000,5.38,545011.2,40180,2119,100,467823.4,506417.3,508736.06,0.46,Low Demand,Overstocked,Monsoon
ORD100241,09-10-2024,October,Q4,2024,41,West,Ahmedabad,Fashion,Shoes,539,3000,4.93,1537281.9,86924,2130,100,1594964.65,1566123.27,1443676.26,7.82,High Demand,Overstocked,Festive
ORD100242,19-04-2024,April,Q2,2024,16,South,Ahmedabad,Electronics,Printer,390,12000,16.83,3892356,54792,1449,100,3799286.53,3845821.26,3838342.73,0.19,Medium Demand,Overstocked,Summer
ORD100243,28-10-2025,October,Q4,2025,44,Central,Bangalore,Home Appliances,Refrigerator,928,35000,4.02,31174304,46180,827,100,36967420.21,34070862.11,34096740.51,0.08,High Demand,Stockout Risk,Festive
ORD100244,25-10-2024,October,Q4,2024,43,West,Lucknow,Furniture,Desk,562,15000,15.72,7104804,52843,566,100,8332704.97,7718754.48,6678231.64,13.48,High Demand,Healthy Stock,Festive
ORD100245,12-07-2025,July,Q3,2025,28,South,Jaipur,Electronics,Printer,264,12000,8.77,2890166.4,43185,383,100,3258911.83,3074539.12,3061065.89,0.44,Medium Demand,Healthy Stock,Monsoon
ORD100246,22-02-2025,February,Q1,2025,8,West,Bangalore,Home Appliances,Microwave,308,9000,13.17,2406927.6,98747,1833,100,2685242.34,2546084.97,2201840.59,13.52,Medium Demand,Overstocked,Spring
ORD100247,04-09-2025,September,Q3,2025,36,West,Lucknow,Fashion,Jacket,568,4500,18.47,2083906.8,95663,1813,100,2120287.81,2102097.31,2205073.86,4.9,High Demand,Overstocked,Monsoon
ORD100248,03-01-2025,January,Q1,2025,1,Central,Lucknow,Electronics,Laptop,304,60000,13.15,15841440,51531,781,100,16772915.71,16307177.86,14397640.68,11.71,Medium Demand,Overstocked,Winter
ORD100249,22-10-2025,October,Q4,2025,43,West,Pune,Fashion,Shoes,75,3000,4.44,215010,72999,2385,100,221934.9,218472.45,218245.27,0.1,Low Demand,Overstocked,Festive
ORD100250,01-04-2025,April,Q2,2025,14,East,Kolkata,Fashion,Jacket,652,4500,13.81,2528814.6,24758,1512,100,3032253.77,2780534.19,2520100.85,9.37,High Demand,Overstocked,Summer
ORD100251,29-10-2024,October,Q4,2024,44,West,Mumbai,Electronics,Mobile,526,25000,9.11,11952035,32114,2234,100,11870407.38,11911221.19,11895053.75,0.14,High Demand,Overstocked,Festive
ORD100252,24-03-2025,March,Q1,2025,13,West,Pune,Electronics,Tablet,95,18000,16.2,1432980,20084,192,100,1633127.19,1533053.59,1475387.59,3.76,Low Demand,Overstocked,Spring
ORD100253,24-11-2025,November,Q4,2025,48,South,Hyderabad,Office Supplies,Notebook,783,200,11.2,139060.8,65562,1049,100,155623.26,147342.03,142669.71,3.17,High Demand,Healthy Stock,Festive
ORD100254,09-07-2024,July,Q3,2024,28,West,Kolkata,Electronics,Mobile,510,25000,11.84,11240400,55965,118,100,12160924.09,11700662.04,10578979.97,9.59,High Demand,Stockout Risk,Monsoon
ORD100255,21-12-2025,December,Q4,2025,51,North,Lucknow,Electronics,Mobile,424,25000,6.52,9908880,64972,566,100,8966955.33,9437917.66,10627544.41,12.6,Medium Demand,Healthy Stock,Winter
ORD100256,24-06-2025,June,Q2,2025,26,East,Lucknow,Fashion,Jacket,451,4500,11.74,1791236.7,50603,1541,100,2038798.37,1915017.54,1833281.57,4.27,Medium Demand,Overstocked,Summer
ORD100257,20-11-2025,November,Q4,2025,47,East,Lucknow,Office Supplies,Notebook,242,200,4.77,46091.32,20328,849,100,43755.52,44923.42,42785.27,4.76,Medium Demand,Overstocked,Festive
ORD100258,01-02-2025,February,Q1,2025,5,West,Lucknow,Furniture,Bookshelf,442,10000,8.46,4046068,68788,2301,100,4359125.11,4202596.55,4163614.44,0.93,Medium Demand,Overstocked,Spring
ORD100259,26-06-2024,June,Q2,2024,26,Central,Bangalore,Fashion,T-Shirt,193,1200,3.74,222938.16,64113,319,100,255533.7,239235.93,243084.72,1.61,Low Demand,Healthy Stock,Summer
ORD100260,11-05-2025,May,Q2,2025,19,South,Hyderabad,Fashion,Jacket,567,4500,13.06,2218274.1,58626,2114,100,2143412.17,2180843.13,2369068.74,8.63,High Demand,Overstocked,Summer
ORD100261,15-05-2025,May,Q2,2025,20,South,Mumbai,Office Supplies,Notebook,275,200,5.84,51788,41025,1020,100,52567.07,52177.54,48351.44,7.33,Medium Demand,Overstocked,Summer
ORD100262,13-04-2025,April,Q2,2025,15,Central,Chennai,Office Supplies,Paper Ream,165,350,11.45,51137.62,40112,2324,100,57750.39,54444.01,49775.95,8.57,Low Demand,Overstocked,Summer
ORD100263,12-02-2024,February,Q1,2024,7,West,Jaipur,Furniture,Desk,154,15000,14.72,1969968,90678,1113,100,1810565.23,1890266.61,2166694,14.62,Low Demand,Overstocked,Spring
ORD100264,05-04-2025,April,Q2,2025,14,East,Pune,Electronics,Printer,170,12000,15.51,1723596,36056,959,100,1937806.38,1830701.19,1753905.06,4.19,Low Demand,Overstocked,Summer
ORD100265,25-12-2024,December,Q4,2024,52,Central,Kolkata,Furniture,Bookshelf,192,10000,15.7,1618560,32124,343,100,1663927.81,1641243.91,1629009.68,0.75,Low Demand,Overstocked,Winter
ORD100266,03-09-2025,September,Q3,2025,36,Central,Bangalore,Home Appliances,Air Conditioner,349,45000,5.79,14795680.5,40041,2207,100,17668932.42,16232306.46,15326251.58,5.58,Medium Demand,Overstocked,Monsoon
ORD100267,07-04-2024,April,Q2,2024,14,South,Kolkata,Electronics,Tablet,179,18000,14.03,2769953.4,22392,1122,100,2377997.73,2573975.56,2671396.64,3.78,Low Demand,Overstocked,Summer
ORD100268,10-09-2024,September,Q3,2024,37,West,Chennai,Furniture,Bookshelf,697,10000,5.37,6595711,59293,1636,100,6469051.51,6532381.25,6771985.02,3.67,High Demand,Overstocked,Monsoon
ORD100269,05-04-2024,April,Q2,2024,14,West,Jaipur,Home Appliances,Air Conditioner,541,45000,9.76,21968928,81278,110,100,25210731.23,23589829.62,23494306.8,0.4,High Demand,Stockout Risk,Summer
ORD100270,05-04-2024,April,Q2,2024,14,West,Pune,Electronics,Printer,273,12000,19.36,2641766.4,32767,2126,100,2397177.76,2519472.08,2815247.83,11.74,Medium Demand,Overstocked,Summer
ORD100271,11-12-2024,December,Q4,2024,50,Central,Lucknow,Furniture,Bookshelf,546,10000,15.77,4598958,94463,298,100,3763682.23,4181320.12,4715016.86,12.76,High Demand,Stockout Risk,Winter
ORD100272,15-04-2025,April,Q2,2025,16,North,Mumbai,Furniture,Desk,517,15000,0.01,7754224.5,61072,928,100,9291713.74,8522969.12,8389151.59,1.57,High Demand,Healthy Stock,Summer
ORD100273,27-10-2025,October,Q4,2025,44,East,Bangalore,Home Appliances,Microwave,539,9000,7.44,4490085.6,90054,777,100,3685080.2,4087582.9,4602880.39,12.61,High Demand,Healthy Stock,Festive
ORD100274,17-12-2025,December,Q4,2025,51,South,Kolkata,Electronics,Laptop,51,60000,4.27,2929338,15215,643,100,3039105.56,2984221.78,2940729.76,1.46,Low Demand,Overstocked,Winter
ORD100275,31-03-2025,March,Q1,2025,14,North,Delhi,Home Appliances,Microwave,482,9000,13.88,3735885.6,67613,390,100,3330836.2,3533360.9,3429043.18,2.95,Medium Demand,Stockout Risk,Spring
ORD100276,14-04-2024,April,Q2,2024,15,North,Pune,Home Appliances,Refrigerator,190,35000,7.65,6141275,22451,685,100,5081073.8,5611174.4,6219012.75,10.83,Low Demand,Overstocked,Summer
ORD100277,16-09-2025,September,Q3,2025,38,South,Chennai,Home Appliances,Air Conditioner,268,45000,12.56,10545264,24840,1786,100,11034884.88,10790074.44,10423748.54,3.4,Medium Demand,Overstocked,Monsoon
ORD100278,10-08-2024,August,Q3,2024,32,North,Mumbai,Furniture,Office Chair,653,8000,14.6,4461296,51076,1858,100,4130274.38,4295785.19,4139931.17,3.63,High Demand,Overstocked,Monsoon
ORD100279,10-10-2024,October,Q4,2024,41,North,Hyderabad,Office Supplies,Paper Ream,901,350,5.7,297375.05,95502,209,100,338756.82,318065.93,306796.21,3.54,High Demand,Stockout Risk,Festive
ORD100280,04-11-2024,November,Q4,2024,45,South,Jaipur,Office Supplies,Paper Ream,331,350,5.91,109003.26,12152,1080,100,108780.36,108891.81,100560.82,7.65,Medium Demand,Overstocked,Festive
ORD100281,26-05-2025,May,Q2,2025,22,Central,Mumbai,Office Supplies,Notebook,419,200,18.68,68146.16,22299,1684,100,77981.4,73063.78,69078.13,5.46,Medium Demand,Overstocked,Summer
ORD100282,09-01-2025,January,Q1,2025,2,Central,Bangalore,Fashion,Shoes,67,3000,11.75,177382.5,6807,1173,100,157213.61,167298.05,192374.13,14.99,Low Demand,Overstocked,Winter
ORD100283,11-02-2025,February,Q1,2025,7,Central,Ahmedabad,Office Supplies,Pen Set,483,500,14.04,207593.4,15803,2297,100,210720.2,209156.8,193173.15,7.64,Medium Demand,Overstocked,Spring
ORD100284,26-03-2024,March,Q1,2024,13,East,Mumbai,Office Supplies,Notebook,209,200,10.73,37314.86,56213,370,100,34481.46,35898.16,36848.32,2.65,Medium Demand,Overstocked,Spring
ORD100285,01-09-2024,September,Q3,2024,35,North,Hyderabad,Electronics,Printer,168,12000,9.07,1833148.8,84800,325,100,1693308.92,1763228.86,1921760.83,8.99,Low Demand,Overstocked,Monsoon
ORD100286,28-06-2024,June,Q2,2024,26,North,Delhi,Furniture,Bookshelf,61,10000,3.28,589992,50443,2242,100,594056.54,592024.27,628047.29,6.08,Low Demand,Overstocked,Summer
ORD100287,22-09-2024,September,Q3,2024,38,South,Pune,Furniture,Bookshelf,325,10000,14.66,2773550,20473,220,100,2590507.93,2682028.96,2734345.63,1.95,Medium Demand,Stockout Risk,Monsoon
ORD100288,20-06-2025,June,Q2,2025,25,North,Ahmedabad,Office Supplies,Paper Ream,128,350,9.92,40355.84,71949,1575,100,33179.59,36767.71,43256.29,17.65,Low Demand,Overstocked,Summer
ORD100289,19-06-2024,June,Q2,2024,25,East,Bangalore,Home Appliances,Microwave,637,9000,13.48,4960191.6,20117,1035,100,5437917.5,5199054.55,4466720.5,14.09,High Demand,Healthy Stock,Summer
ORD100290,13-01-2024,January,Q1,2024,2,South,Delhi,Fashion,T-Shirt,442,1200,18.4,432806.4,28456,244,100,441958.49,437382.45,468638.24,7.15,Medium Demand,Stockout Risk,Winter
ORD100291,02-11-2025,November,Q4,2025,44,West,Hyderabad,Home Appliances,Microwave,660,9000,6.4,5559840,15208,2441,100,5276973.5,5418406.75,5562109.46,2.65,High Demand,Overstocked,Festive
ORD100292,23-02-2024,February,Q1,2024,8,South,Hyderabad,Office Supplies,Notebook,460,200,1.38,90730.4,65960,1256,100,100657.3,95693.85,87295.31,8.78,Medium Demand,Overstocked,Spring
ORD100293,29-03-2024,March,Q1,2024,13,Central,Chennai,Electronics,Tablet,255,18000,5.83,4322403,44834,1093,100,4260033.65,4291218.33,4401668.03,2.57,Medium Demand,Overstocked,Spring
ORD100294,20-05-2025,May,Q2,2025,21,South,Jaipur,Furniture,Office Chair,56,8000,18.65,364448,8133,1054,100,370504.43,367476.21,374356.75,1.87,Low Demand,Overstocked,Summer
ORD100295,11-12-2025,December,Q4,2025,50,North,Pune,Electronics,Printer,364,12000,2.08,4277145.6,74443,1075,100,4139961.87,4208553.73,4671656.73,11,Medium Demand,Overstocked,Winter
ORD100296,25-05-2024,May,Q2,2024,21,East,Mumbai,Electronics,Mobile,582,25000,8.26,13348170,53823,1977,100,15881945.21,14615057.61,12240011.38,16.25,High Demand,Overstocked,Summer
ORD100297,07-04-2024,April,Q2,2024,14,Central,Bangalore,Fashion,Shoes,656,3000,11.36,1744435.2,62014,635,100,1560761.34,1652598.27,1661048.04,0.51,High Demand,Healthy Stock,Summer
ORD100298,18-11-2024,November,Q4,2024,47,West,Pune,Home Appliances,Refrigerator,421,35000,18.87,11954505.5,22840,2494,100,10084690.94,11019598.22,11011672.18,0.07,Medium Demand,Overstocked,Festive
ORD100299,05-04-2025,April,Q2,2025,14,West,Pune,Fashion,Shoes,598,3000,7.17,1665370.2,32215,1951,100,1537674.75,1601522.48,1587100.44,0.9,High Demand,Overstocked,Summer
ORD100300,02-05-2024,May,Q2,2024,18,North,Bangalore,Home Appliances,Air Conditioner,804,45000,16.72,30130704,47964,707,100,25203886.8,27667295.4,28613434.97,3.42,High Demand,Healthy Stock,Summer
ORD100301,30-12-2024,December,Q4,2024,1,West,Jaipur,Electronics,Tablet,316,18000,16.4,4755168,27789,227,100,5615086.13,5185127.06,5092405.76,1.79,Medium Demand,Stockout Risk,Winter
ORD100302,23-07-2025,July,Q3,2025,30,Central,Hyderabad,Electronics,Printer,154,12000,16.08,1550841.6,23322,597,100,1248090.6,1399466.1,1653312.63,18.14,Low Demand,Overstocked,Monsoon
ORD100303,15-08-2024,August,Q3,2024,33,South,Hyderabad,Fashion,T-Shirt,695,1200,18.75,677625,16015,2485,100,700967.49,689296.24,734197.01,6.51,High Demand,Overstocked,Monsoon
ORD100304,17-03-2024,March,Q1,2024,11,North,Mumbai,Furniture,Bookshelf,504,10000,16.19,4224024,17055,1458,100,3586243.11,3905133.55,4597664.83,17.73,High Demand,Overstocked,Spring
ORD100305,21-02-2024,February,Q1,2024,8,South,Lucknow,Fashion,Jacket,454,4500,9.92,1840334.4,55165,1847,100,1599476.74,1719905.57,1735330.85,0.9,Medium Demand,Overstocked,Spring
ORD100306,10-07-2024,July,Q3,2024,28,East,Ahmedabad,Fashion,Shoes,85,3000,12.28,223686,85868,1106,100,236863.65,230274.83,223636.41,2.88,Low Demand,Overstocked,Monsoon
ORD100307,17-07-2025,July,Q3,2025,29,West,Delhi,Electronics,Tablet,442,18000,2.74,7738005.6,31143,2253,100,6961567.17,7349786.38,8502655.62,15.69,Medium Demand,Overstocked,Monsoon
ORD100308,10-07-2025,July,Q3,2025,28,North,Kolkata,Home Appliances,Refrigerator,607,35000,15.63,17924406.5,50093,2416,100,17941565.57,17932986.04,17524266.62,2.28,High Demand,Overstocked,Monsoon
ORD100309,03-07-2024,July,Q3,2024,27,North,Pune,Office Supplies,Notebook,80,200,17.92,13132.8,41822,339,100,14754.2,13943.5,13058.43,6.35,Low Demand,Overstocked,Monsoon
ORD100310,01-01-2025,January,Q1,2025,1,Central,Hyderabad,Furniture,Office Chair,303,8000,13.14,2105486.4,39934,2285,100,2371860.04,2238673.22,2281193.23,1.9,Medium Demand,Overstocked,Winter
ORD100311,27-02-2024,February,Q1,2024,9,South,Lucknow,Fashion,T-Shirt,227,1200,3.52,262811.52,82662,1402,100,295001.75,278906.64,273199.23,2.05,Medium Demand,Overstocked,Spring
ORD100312,28-08-2025,August,Q3,2025,35,North,Pune,Office Supplies,Paper Ream,195,350,11.26,60565.05,29672,2116,100,61585.56,61075.31,56635.07,7.27,Low Demand,Overstocked,Monsoon
ORD100313,08-02-2024,February,Q1,2024,6,North,Delhi,Furniture,Bookshelf,274,10000,0.4,2729040,67650,102,100,2545358.14,2637199.07,2791335.67,5.84,Medium Demand,Stockout Risk,Spring
ORD100314,13-05-2024,May,Q2,2024,20,East,Bangalore,Home Appliances,Microwave,72,9000,2.95,628884,97365,680,100,697901.88,663392.94,672463.26,1.37,Low Demand,Overstocked,Summer
ORD100315,08-01-2025,January,Q1,2025,2,North,Pune,Fashion,Jacket,181,4500,6.45,761964.75,25644,1889,100,850914.24,806439.49,832166.41,3.19,Low Demand,Overstocked,Winter
ORD100316,26-10-2025,October,Q4,2025,43,East,Bangalore,Office Supplies,Paper Ream,927,350,4.46,309979.53,82194,818,100,294900.16,302439.84,324486.26,7.29,High Demand,Stockout Risk,Festive
ORD100317,28-10-2024,October,Q4,2024,44,South,Bangalore,Electronics,Printer,791,12000,12.05,8348214,85134,1004,100,8814534.46,8581374.23,7687219.5,10.42,High Demand,Healthy Stock,Festive
ORD100318,23-05-2025,May,Q2,2025,21,South,Pune,Electronics,Mobile,405,25000,19.65,8135437.5,27005,463,100,9182181.31,8658809.41,8412082.35,2.85,Medium Demand,Healthy Stock,Summer
ORD100319,09-12-2024,December,Q4,2024,50,West,Delhi,Home Appliances,Microwave,305,9000,13.86,2364543,50938,1151,100,2636011.46,2500277.23,2468778.48,1.26,Medium Demand,Overstocked,Winter
ORD100320,19-02-2024,February,Q1,2024,8,West,Chennai,Fashion,Shoes,473,3000,9.86,1279086.6,54638,1538,100,1302634.06,1290860.33,1177125.12,8.81,Medium Demand,Overstocked,Spring
ORD100321,05-05-2025,May,Q2,2025,19,Central,Hyderabad,Furniture,Desk,125,15000,15.98,1575375,9379,1307,100,1272952.15,1424163.57,1500112.31,5.33,Low Demand,Overstocked,Summer
ORD100322,17-04-2024,April,Q2,2024,16,North,Pune,Furniture,Desk,214,15000,14.64,2740056,76702,481,100,2562446.21,2651251.1,3005992.74,13.38,Medium Demand,Overstocked,Summer
ORD100323,09-05-2025,May,Q2,2025,19,North,Kolkata,Furniture,Bookshelf,494,10000,3.14,4784884,18272,1456,100,4221321.27,4503102.63,4488206.13,0.33,Medium Demand,Overstocked,Summer
ORD100324,14-12-2025,December,Q4,2025,50,Central,Jaipur,Home Appliances,Air Conditioner,338,45000,5.95,14305005,17571,303,100,13692191.26,13998598.13,14447089.84,3.2,Medium Demand,Stockout Risk,Winter
ORD100325,17-05-2025,May,Q2,2025,20,South,Delhi,Home Appliances,Microwave,487,9000,1.75,4306297.5,91772,2067,100,3788981.64,4047639.57,3897832.86,3.7,Medium Demand,Overstocked,Summer
ORD100326,23-06-2024,June,Q2,2024,25,East,Mumbai,Fashion,Shoes,365,3000,15.7,923085,66727,2103,100,1068887.19,995986.09,879700.82,11.68,Medium Demand,Overstocked,Summer
ORD100327,19-10-2025,October,Q4,2025,42,Central,Kolkata,Furniture,Desk,574,15000,8.92,7841988,39510,1901,100,7732381.96,7787184.98,7412627.05,4.81,High Demand,Overstocked,Festive
ORD100328,02-10-2024,October,Q4,2024,40,Central,Delhi,Furniture,Bookshelf,188,10000,6.88,1750656,75968,1795,100,2080273.39,1915464.69,1782072.03,6.96,Low Demand,Overstocked,Festive
ORD100329,20-07-2025,July,Q3,2025,29,North,Kolkata,Office Supplies,Pen Set,598,500,13.74,257917.4,67236,2445,100,297291.47,277604.43,256692.93,7.53,High Demand,Overstocked,Monsoon
ORD100330,21-03-2024,March,Q1,2024,12,West,Delhi,Office Supplies,Paper Ream,579,350,16.01,170205.73,93805,703,100,144353.65,157279.69,178960.73,13.79,High Demand,Healthy Stock,Spring
ORD100331,26-06-2024,June,Q2,2024,26,South,Hyderabad,Furniture,Office Chair,93,8000,8.47,680983.2,94538,1883,100,599788.01,640385.6,724915.34,13.2,Low Demand,Overstocked,Summer
ORD100332,31-05-2024,May,Q2,2024,22,Central,Ahmedabad,Home Appliances,Air Conditioner,143,45000,11.13,5718784.5,77358,1435,100,6534567.23,6126675.87,5741302.99,6.29,Low Demand,Overstocked,Summer
ORD100333,13-01-2024,January,Q1,2024,2,Central,Lucknow,Office Supplies,Pen Set,165,500,8.29,75660.75,24424,2420,100,78322.01,76991.38,79570.56,3.35,Low Demand,Overstocked,Winter
ORD100334,12-04-2024,April,Q2,2024,15,North,Lucknow,Electronics,Tablet,598,18000,17.6,8869536,58856,1181,100,8454595.95,8662065.97,8843964.76,2.1,High Demand,Overstocked,Summer
ORD100335,15-09-2025,September,Q3,2025,38,West,Delhi,Furniture,Desk,462,15000,2.88,6730416,84777,1745,100,5488741.83,6109578.92,7254815.3,18.74,Medium Demand,Overstocked,Monsoon
ORD100336,05-12-2024,December,Q4,2024,49,South,Delhi,Fashion,T-Shirt,431,1200,0.4,515131.2,44722,1373,100,469871.08,492501.14,514267.76,4.42,Medium Demand,Overstocked,Winter
ORD100337,13-12-2025,December,Q4,2025,50,North,Hyderabad,Furniture,Desk,503,15000,15.48,6377034,47056,1203,100,6960658.66,6668846.33,6510925.1,2.37,High Demand,Overstocked,Winter
ORD100338,01-04-2024,April,Q2,2024,14,South,Chennai,Furniture,Desk,546,15000,15.19,6945939,54009,330,100,6988363.97,6967151.48,6472187.68,7.1,High Demand,Stockout Risk,Summer
ORD100339,14-11-2024,November,Q4,2024,46,Central,Kolkata,Furniture,Bookshelf,792,10000,3.86,7614288,31309,336,100,6851306.68,7232797.34,7547965.52,4.36,High Demand,Stockout Risk,Festive
ORD100340,04-01-2025,January,Q1,2025,1,South,Ahmedabad,Home Appliances,Refrigerator,567,35000,7.94,18269307,21236,225,100,16383462.13,17326384.57,18228335.3,5.21,High Demand,Stockout Risk,Winter
ORD100341,01-04-2025,April,Q2,2025,14,South,Chennai,Office Supplies,Paper Ream,408,350,6.88,132975.36,38903,470,100,121543.17,127259.26,129958.57,2.12,Medium Demand,Healthy Stock,Summer
ORD100342,15-06-2024,June,Q2,2024,24,Central,Hyderabad,Furniture,Bookshelf,280,10000,13.55,2420600,40269,1777,100,2433459.42,2427029.71,2597124.64,7.01,Medium Demand,Overstocked,Summer
ORD100343,29-11-2025,November,Q4,2025,48,North,Chennai,Furniture,Bookshelf,304,10000,0.17,3034832,38081,1351,100,3293084.66,3163958.33,3161911.46,0.06,Medium Demand,Overstocked,Festive
ORD100344,08-10-2024,October,Q4,2024,41,West,Kolkata,Home Appliances,Refrigerator,395,35000,6.04,12989970,73241,1726,100,13428964.25,13209467.12,11710061.95,11.35,Medium Demand,Overstocked,Festive
ORD100345,09-11-2025,November,Q4,2025,45,East,Jaipur,Office Supplies,Paper Ream,438,350,2.16,149988.72,13367,1477,100,179288.17,164638.45,154206.25,6.34,Medium Demand,Overstocked,Festive
ORD100346,10-10-2024,October,Q4,2024,41,East,Ahmedabad,Furniture,Office Chair,790,8000,17.99,5183032,83647,1755,100,5515845.52,5349438.76,5370404.57,0.39,High Demand,Overstocked,Festive
ORD100347,27-01-2024,January,Q1,2024,4,West,Ahmedabad,Home Appliances,Refrigerator,464,35000,7.77,14978152,9629,2488,100,16224747.4,15601449.7,15193964.51,2.61,Medium Demand,Overstocked,Winter
ORD100348,13-07-2024,July,Q3,2024,28,East,Hyderabad,Office Supplies,Paper Ream,537,350,18.13,153874.67,93063,1568,100,154324.9,154099.79,164504.92,6.75,High Demand,Overstocked,Monsoon
ORD100349,04-11-2025,November,Q4,2025,45,Central,Bangalore,Home Appliances,Microwave,675,9000,5.17,5760922.5,78273,849,100,6790798.88,6275860.69,6221325.24,0.87,High Demand,Healthy Stock,Festive
ORD100350,01-11-2025,November,Q4,2025,44,North,Hyderabad,Home Appliances,Microwave,477,9000,17.74,3531421.8,53717,1167,100,3652296.29,3591859.04,3505826.5,2.4,Medium Demand,Overstocked,Festive
ORD100351,30-04-2024,April,Q2,2024,18,West,Delhi,Office Supplies,Paper Ream,685,350,1.42,236345.55,30499,2149,100,200403.63,218374.59,244886.97,12.14,High Demand,Overstocked,Summer
ORD100352,26-06-2025,June,Q2,2025,26,East,Kolkata,Electronics,Mobile,190,25000,19.85,3807125,49914,1776,100,4549044.73,4178084.87,4106247.1,1.72,Low Demand,Overstocked,Summer
ORD100353,13-04-2025,April,Q2,2025,15,South,Pune,Furniture,Office Chair,549,8000,6.65,4099932,28176,1383,100,4320506.65,4210219.33,3693803.81,12.27,High Demand,Overstocked,Summer
ORD100354,07-10-2024,October,Q4,2024,41,South,Bangalore,Office Supplies,Notebook,753,200,15.6,127106.4,21961,1876,100,133893.25,130499.82,124650.54,4.48,High Demand,Overstocked,Festive
ORD100355,03-05-2025,May,Q2,2025,18,West,Delhi,Electronics,Mobile,432,25000,19,8748000,47233,2275,100,7665266.02,8206633.01,9057238.55,10.36,Medium Demand,Overstocked,Summer
ORD100356,03-10-2025,October,Q4,2025,40,South,Hyderabad,Home Appliances,Refrigerator,230,35000,10.07,7239365,45123,784,100,5980546.63,6609955.81,6581622.87,0.43,Medium Demand,Overstocked,Festive
ORD100357,24-10-2024,October,Q4,2024,43,West,Jaipur,Office Supplies,Paper Ream,519,350,13.74,156691.29,22536,1503,100,187787.55,172239.42,156383.51,9.21,High Demand,Overstocked,Festive
ORD100358,11-07-2024,July,Q3,2024,28,South,Kolkata,Electronics,Mobile,279,25000,14.54,5960835,22197,965,100,6518951.84,6239893.42,6067763.84,2.76,Medium Demand,Overstocked,Monsoon
ORD100359,22-06-2024,June,Q2,2024,25,North,Pune,Electronics,Printer,311,12000,15.42,3156525.6,86675,299,100,3275115.09,3215820.34,2871150.67,10.72,Medium Demand,Healthy Stock,Summer
ORD100360,20-04-2024,April,Q2,2024,16,North,Delhi,Electronics,Printer,504,12000,7.61,5587747.2,76733,1135,100,5530520.48,5559133.84,5200099.58,6.46,High Demand,Overstocked,Summer
ORD100361,12-12-2025,December,Q4,2025,50,North,Ahmedabad,Fashion,Jacket,186,4500,5.4,791802,84381,661,100,766092.43,778947.22,854927.93,9.75,Low Demand,Overstocked,Winter
ORD100362,07-06-2025,June,Q2,2025,23,Central,Mumbai,Home Appliances,Microwave,158,9000,9.95,1280511,84823,918,100,1422882.78,1351696.89,1365408.58,1.01,Low Demand,Overstocked,Summer
ORD100363,25-07-2024,July,Q3,2024,30,East,Kolkata,Home Appliances,Microwave,90,9000,10.96,721224,32222,2068,100,672354.9,696789.45,649496.54,6.79,Low Demand,Overstocked,Monsoon
ORD100364,18-11-2025,November,Q4,2025,47,North,Mumbai,Office Supplies,Paper Ream,706,350,1.8,242652.2,72070,407,100,264351.48,253501.84,223302.65,11.91,High Demand,Stockout Risk,Festive
ORD100365,19-09-2024,September,Q3,2024,38,South,Chennai,Home Appliances,Refrigerator,525,35000,1,18191250,27898,261,100,20754387.56,19472818.78,17682676,9.19,High Demand,Stockout Risk,Monsoon
ORD100366,24-11-2025,November,Q4,2025,48,East,Kolkata,Electronics,Laptop,120,60000,2.77,7000560,89829,798,100,6520771.93,6760665.96,7552942.85,11.72,Low Demand,Overstocked,Festive
ORD100367,28-09-2025,September,Q3,2025,39,East,Mumbai,Home Appliances,Refrigerator,237,35000,2.28,8105874,57461,1969,100,7366077.11,7735975.55,7920598.83,2.39,Medium Demand,Overstocked,Monsoon
ORD100368,04-05-2025,May,Q2,2025,18,West,Bangalore,Electronics,Mobile,110,25000,19.63,2210175,25892,524,100,2135937.62,2173056.31,2250289.81,3.55,Low Demand,Overstocked,Summer
ORD100369,05-08-2025,August,Q3,2025,32,West,Bangalore,Office Supplies,Pen Set,417,500,12.23,183000.45,94714,635,100,181761.88,182381.17,182565.74,0.1,Medium Demand,Healthy Stock,Monsoon
ORD100370,25-02-2025,February,Q1,2025,9,West,Delhi,Electronics,Tablet,371,18000,0.25,6661305,93857,2249,100,7374141.16,7017723.08,6763421.48,3.62,Medium Demand,Overstocked,Spring
ORD100371,01-08-2025,August,Q3,2025,31,South,Pune,Office Supplies,Paper Ream,683,350,1.9,234508.05,91732,1118,100,232813,233660.52,242186.34,3.65,High Demand,Healthy Stock,Monsoon
ORD100372,18-10-2025,October,Q4,2025,42,West,Bangalore,Office Supplies,Paper Ream,131,350,18.69,37280.63,71265,2022,100,42527.82,39904.22,40035.04,0.33,Low Demand,Overstocked,Festive
ORD100373,17-03-2024,March,Q1,2024,11,West,Pune,Furniture,Desk,334,15000,1.01,4959399,34190,2354,100,5243706.1,5101552.55,4863461.4,4.67,Medium Demand,Overstocked,Spring
ORD100374,28-08-2024,August,Q3,2024,35,North,Chennai,Fashion,Jacket,508,4500,1.76,2245766.4,70333,1931,100,2080533.26,2163149.83,2461661.24,13.8,High Demand,Overstocked,Monsoon
ORD100375,31-10-2025,October,Q4,2025,44,North,Mumbai,Fashion,T-Shirt,114,1200,0,136800,16913,1347,100,158146.87,147473.43,138505.42,6.08,Low Demand,Overstocked,Festive
ORD100376,01-11-2025,November,Q4,2025,44,West,Pune,Home Appliances,Microwave,382,9000,6.64,3209716.8,86232,2037,100,3487881.22,3348799.01,3121959.64,6.77,Medium Demand,Overstocked,Festive
ORD100377,08-04-2025,April,Q2,2025,15,North,Mumbai,Furniture,Office Chair,399,8000,7.1,2965368,88055,1295,100,3021936.05,2993652.02,2890575.7,3.44,Medium Demand,Overstocked,Summer
ORD100378,18-04-2024,April,Q2,2024,16,North,Bangalore,Fashion,Shoes,469,3000,2.14,1376890.2,85065,902,100,1204802.83,1290846.52,1495362.31,15.84,Medium Demand,Overstocked,Summer
ORD100379,06-02-2025,February,Q1,2025,6,South,Chennai,Furniture,Bookshelf,396,10000,2.16,3874464,59325,290,100,4535643.65,4205053.83,4135964.16,1.64,Medium Demand,Stockout Risk,Spring
ORD100380,25-08-2025,August,Q3,2025,35,North,Chennai,Fashion,Jacket,653,4500,19.12,2376658.8,22647,2143,100,1905450.66,2141054.73,2488938.78,16.25,High Demand,Overstocked,Monsoon
ORD100381,20-07-2025,July,Q3,2025,29,West,Lucknow,Fashion,Jacket,231,4500,13.84,895633.2,27760,625,100,753605.11,824619.16,923849.55,12.03,Medium Demand,Overstocked,Monsoon
ORD100382,12-09-2025,September,Q3,2025,37,East,Jaipur,Fashion,T-Shirt,673,1200,18.32,659647.68,37537,1220,100,632699.75,646173.72,638916.12,1.12,High Demand,Overstocked,Monsoon
ORD100383,28-10-2024,October,Q4,2024,44,West,Bangalore,Furniture,Desk,902,15000,14.97,11504559,44179,2343,100,13164471.5,12334515.25,11992063.21,2.78,High Demand,Overstocked,Festive
ORD100384,20-07-2025,July,Q3,2025,29,South,Hyderabad,Furniture,Bookshelf,347,10000,13.73,2993569,93129,643,100,3569933.41,3281751.21,3083427.79,6.04,Medium Demand,Healthy Stock,Monsoon
ORD100385,01-07-2024,July,Q3,2024,27,Central,Jaipur,Home Appliances,Air Conditioner,168,45000,15.22,6409368,78699,2067,100,6621662.35,6515515.17,6976819.67,7.08,Low Demand,Overstocked,Monsoon
ORD100386,28-12-2025,December,Q4,2025,52,West,Jaipur,Home Appliances,Refrigerator,63,35000,10.45,1974577.5,8312,1660,100,1694445.54,1834511.52,2041813.51,11.3,Low Demand,Overstocked,Winter
ORD100387,23-07-2024,July,Q3,2024,30,East,Bangalore,Home Appliances,Air Conditioner,306,45000,2.93,13366539,13130,1308,100,11783945.61,12575242.3,13476604.66,7.17,Medium Demand,Overstocked,Monsoon
ORD100388,02-01-2025,January,Q1,2025,1,West,Mumbai,Office Supplies,Paper Ream,625,350,17.3,180906.25,89819,2398,100,172865.81,176886.03,181301.43,2.5,High Demand,Overstocked,Winter
ORD100389,13-12-2025,December,Q4,2025,50,East,Delhi,Fashion,T-Shirt,476,1200,19.13,461929.44,94803,1380,100,548002.27,504965.85,420707.06,16.69,Medium Demand,Overstocked,Winter
ORD100390,14-09-2024,September,Q3,2024,37,South,Lucknow,Fashion,Shoes,698,3000,14.09,1798955.4,89886,1606,100,1982526.35,1890740.88,1815727.11,3.97,High Demand,Overstocked,Monsoon
ORD100391,09-09-2025,September,Q3,2025,37,South,Hyderabad,Home Appliances,Refrigerator,231,35000,19.67,6494680.5,14760,865,100,7696132.09,7095406.29,6800033.73,4.16,Medium Demand,Overstocked,Monsoon
ORD100392,02-05-2024,May,Q2,2024,18,West,Delhi,Fashion,T-Shirt,619,1200,5.28,703580.16,26093,2492,100,800959.65,752269.91,634016.51,15.72,High Demand,Overstocked,Summer
ORD100393,22-04-2025,April,Q2,2025,17,South,Delhi,Furniture,Desk,661,15000,1.02,9813867,86968,1333,100,9776774.28,9795320.64,9956515.46,1.65,High Demand,Overstocked,Summer
ORD100394,01-01-2025,January,Q1,2025,1,North,Pune,Office Supplies,Notebook,238,200,10.41,42644.84,71209,752,100,41210.8,41927.82,42960.72,2.46,Medium Demand,Overstocked,Winter
ORD100395,04-04-2024,April,Q2,2024,14,East,Hyderabad,Furniture,Bookshelf,389,10000,6.62,3632482,43479,994,100,4286776.68,3959629.34,3718412.43,6.09,Medium Demand,Overstocked,Summer
ORD100396,01-05-2025,May,Q2,2025,18,Central,Delhi,Electronics,Tablet,506,18000,4.81,8669905.2,89182,1098,100,10261341.96,9465623.58,8986445.8,5.06,High Demand,Overstocked,Summer
ORD100397,24-11-2024,November,Q4,2024,47,West,Mumbai,Fashion,T-Shirt,819,1200,0.49,977984.28,72746,1635,100,983581.9,980783.09,979692.93,0.11,High Demand,Overstocked,Festive
ORD100398,13-05-2025,May,Q2,2025,20,North,Ahmedabad,Furniture,Desk,576,15000,1.65,8497440,17577,785,100,10100494.87,9298967.43,8961941.54,3.62,High Demand,Healthy Stock,Summer
ORD100399,30-06-2025,June,Q2,2025,27,North,Mumbai,Furniture,Bookshelf,694,10000,15.47,5866382,94837,1837,100,6654037.83,6260209.92,5520945.46,11.81,High Demand,Overstocked,Summer
ORD100400,20-12-2025,December,Q4,2025,51,West,Mumbai,Furniture,Office Chair,520,8000,14.34,3563456,9965,458,100,2955171.25,3259313.62,3333963.85,2.29,High Demand,Healthy Stock,Winter
ORD100401,14-09-2024,September,Q3,2024,37,Central,Mumbai,Office Supplies,Notebook,314,200,8.15,57681.8,64129,1756,100,56136.51,56909.15,52108.48,8.44,Medium Demand,Overstocked,Monsoon
ORD100402,20-11-2025,November,Q4,2025,47,North,Jaipur,Electronics,Laptop,815,60000,16.97,40601670,51884,2159,100,34205048.1,37403359.05,42931328.03,14.78,High Demand,Overstocked,Festive
ORD100403,04-11-2024,November,Q4,2024,45,Central,Mumbai,Home Appliances,Refrigerator,576,35000,13.21,17496864,67126,740,100,17731096.36,17613980.18,16224427.17,7.89,High Demand,Healthy Stock,Festive
ORD100404,04-02-2025,February,Q1,2025,6,Central,Ahmedabad,Furniture,Desk,432,15000,19.15,5239080,6461,2367,100,6024453.57,5631766.79,4863305.8,13.65,Medium Demand,Overstocked,Spring
ORD100405,12-02-2024,February,Q1,2024,7,North,Lucknow,Office Supplies,Pen Set,600,500,10.95,267150,16157,1348,100,236166.25,251658.12,280049.63,11.28,High Demand,Overstocked,Spring
ORD100406,18-12-2024,December,Q4,2024,51,South,Kolkata,Office Supplies,Notebook,214,200,3.68,41224.96,85856,1135,100,36184.4,38704.68,38597.76,0.28,Medium Demand,Overstocked,Winter
ORD100407,03-08-2025,August,Q3,2025,31,North,Jaipur,Fashion,Jacket,612,4500,1.46,2713791.6,93039,375,100,2443158.86,2578475.23,2549562.48,1.12,High Demand,Stockout Risk,Monsoon
ORD100408,17-08-2025,August,Q3,2025,33,West,Pune,Home Appliances,Microwave,290,9000,2,2557800,86201,385,100,2967169.33,2762484.67,2464586.57,10.78,Medium Demand,Healthy Stock,Monsoon
ORD100409,06-04-2025,April,Q2,2025,14,East,Lucknow,Home Appliances,Air Conditioner,792,45000,11.34,31598424,46462,1854,100,27410236.31,29504330.16,30418000.29,3.1,High Demand,Overstocked,Summer
ORD100410,14-08-2024,August,Q3,2024,33,West,Ahmedabad,Home Appliances,Microwave,389,9000,17.56,2886224.4,65666,1924,100,2723143.03,2804683.71,2773933.99,1.1,Medium Demand,Overstocked,Monsoon
ORD100411,18-07-2025,July,Q3,2025,29,North,Bangalore,Office Supplies,Notebook,337,200,17.17,55827.42,23350,2306,100,49048.45,52437.93,58435.06,11.44,Medium Demand,Overstocked,Monsoon
ORD100412,03-10-2025,October,Q4,2025,40,North,Mumbai,Electronics,Laptop,862,60000,15.38,43765464,32886,250,100,44668678.11,44217071.05,44145955.03,0.16,High Demand,Stockout Risk,Festive
ORD100413,06-07-2025,July,Q3,2025,27,West,Bangalore,Home Appliances,Refrigerator,278,35000,17.83,7995141,82280,1291,100,6824272.62,7409706.81,7996936.98,7.93,Medium Demand,Overstocked,Monsoon
ORD100414,02-04-2024,April,Q2,2024,14,West,Pune,Office Supplies,Notebook,294,200,16.96,48827.52,85482,779,100,53851.01,51339.26,45315.56,11.73,Medium Demand,Overstocked,Summer
ORD100415,12-06-2024,June,Q2,2024,24,South,Lucknow,Office Supplies,Paper Ream,199,350,14.72,59397.52,68373,1569,100,48478.35,53937.93,62503.68,15.88,Low Demand,Overstocked,Summer
ORD100416,25-08-2024,August,Q3,2024,34,North,Ahmedabad,Home Appliances,Microwave,93,9000,13.37,725093.1,72880,1579,100,692635.93,708864.52,785696.66,10.84,Low Demand,Overstocked,Monsoon
ORD100417,17-02-2024,February,Q1,2024,7,North,Pune,Electronics,Tablet,319,18000,11.57,5077650.6,79732,812,100,4827138.76,4952394.68,4954282.5,0.04,Medium Demand,Overstocked,Spring
ORD100418,24-08-2025,August,Q3,2025,34,North,Jaipur,Home Appliances,Refrigerator,278,35000,10.33,8724891,51255,1513,100,8679038.43,8701964.71,8693673.5,0.1,Medium Demand,Overstocked,Monsoon
ORD100419,10-09-2025,September,Q3,2025,37,North,Jaipur,Furniture,Desk,219,15000,4.6,3133890,72441,1250,100,2772260.53,2953075.26,2937649.37,0.52,Medium Demand,Overstocked,Monsoon
ORD100420,05-01-2025,January,Q1,2025,1,Central,Mumbai,Furniture,Desk,388,15000,14.41,4981338,68113,2061,100,4939536.93,4960437.46,5071790.03,2.24,Medium Demand,Overstocked,Winter
ORD100421,24-10-2025,October,Q4,2025,43,West,Delhi,Furniture,Office Chair,240,8000,3.22,1858176,87515,2199,100,1515670.21,1686923.1,1885033.82,11.74,Medium Demand,Overstocked,Festive
ORD100422,27-02-2024,February,Q1,2024,9,South,Ahmedabad,Furniture,Bookshelf,465,10000,11.99,4092465,78872,176,100,4712078.91,4402271.96,4279060.38,2.8,Medium Demand,Stockout Risk,Spring
ORD100423,17-10-2024,October,Q4,2024,42,North,Hyderabad,Fashion,Jacket,734,4500,3.41,3190367.7,58840,684,100,3566341.14,3378354.42,3394840.4,0.49,High Demand,Stockout Risk,Festive
ORD100424,05-07-2024,July,Q3,2024,27,Central,Jaipur,Home Appliances,Microwave,400,9000,18.45,2935800,83188,381,100,2618514.93,2777157.46,2868547.8,3.29,Medium Demand,Healthy Stock,Monsoon
ORD100425,21-04-2024,April,Q2,2024,16,North,Hyderabad,Office Supplies,Paper Ream,479,350,16.53,139937.45,84365,494,100,121881.16,130909.31,151177.46,15.48,Medium Demand,Healthy Stock,Summer
ORD100426,06-09-2025,September,Q3,2025,36,North,Jaipur,Office Supplies,Notebook,145,200,9.64,26204.4,22082,2308,100,29637.4,27920.9,28284.87,1.3,Low Demand,Overstocked,Monsoon
ORD100427,25-11-2025,November,Q4,2025,48,West,Jaipur,Fashion,T-Shirt,127,1200,8.58,139324.08,68192,1661,100,130993.49,135158.79,147812.29,9.36,Low Demand,Overstocked,Festive
ORD100428,14-12-2025,December,Q4,2025,50,Central,Mumbai,Fashion,Shoes,310,3000,9.54,841278,35475,443,100,768344.81,804811.41,904671.04,12.41,Medium Demand,Healthy Stock,Winter
ORD100429,22-02-2025,February,Q1,2025,8,East,Hyderabad,Electronics,Laptop,641,60000,10.45,34440930,73126,129,100,32719295.16,33580112.58,32411799.19,3.48,High Demand,Stockout Risk,Spring
ORD100430,19-11-2024,November,Q4,2024,47,West,Pune,Electronics,Mobile,654,25000,5.07,15521055,75268,1834,100,15922555.13,15721805.07,15868356.23,0.93,High Demand,Overstocked,Festive
ORD100431,27-11-2025,November,Q4,2025,48,West,Hyderabad,Fashion,Jacket,819,4500,7.4,3412773,77733,2081,100,3076652.6,3244712.8,3280803.17,1.11,High Demand,Overstocked,Festive
ORD100432,18-12-2024,December,Q4,2024,51,West,Bangalore,Electronics,Mobile,507,25000,15.66,10690095,26206,510,100,9469107.16,10079601.08,10477492.33,3.95,High Demand,Healthy Stock,Winter
ORD100433,12-12-2024,December,Q4,2024,50,Central,Lucknow,Electronics,Mobile,448,25000,19.29,9039520,5693,473,100,10208349.7,9623934.85,8988299.66,6.6,Medium Demand,Healthy Stock,Winter
ORD100434,06-09-2025,September,Q3,2025,36,West,Mumbai,Electronics,Tablet,277,18000,7.42,4616038.8,84826,254,100,5030549.32,4823294.06,5013650.53,3.95,Medium Demand,Stockout Risk,Monsoon
ORD100435,14-02-2025,February,Q1,2025,7,Central,Jaipur,Home Appliances,Air Conditioner,661,45000,1.15,29402932.5,27973,2124,100,28685172.21,29044052.36,27648796.14,4.8,High Demand,Overstocked,Spring
ORD100436,03-11-2025,November,Q4,2025,45,Central,Ahmedabad,Furniture,Office Chair,879,8000,13.97,6049629.6,85634,794,100,6470742.82,6260186.21,5879925.39,6.07,High Demand,Healthy Stock,Festive
ORD100437,01-11-2025,November,Q4,2025,44,North,Bangalore,Electronics,Tablet,598,18000,7.9,9913644,81818,920,100,9984001.93,9948822.96,10383403.09,4.37,High Demand,Healthy Stock,Festive
ORD100438,11-03-2024,March,Q1,2024,11,North,Jaipur,Home Appliances,Air Conditioner,622,45000,18.3,22867830,50625,1523,100,27105583.43,24986706.71,21845673.9,12.57,High Demand,Overstocked,Spring
ORD100439,12-09-2025,September,Q3,2025,37,South,Chennai,Fashion,Jacket,54,4500,5.22,230315.4,58363,2173,100,194060.53,212187.96,210618.18,0.74,Low Demand,Overstocked,Monsoon
ORD100440,28-10-2024,October,Q4,2024,44,East,Mumbai,Office Supplies,Pen Set,823,500,11.5,364177.5,95989,1913,100,432068.26,398122.88,368778.42,7.37,High Demand,Overstocked,Festive
ORD100441,06-09-2024,September,Q3,2024,36,East,Chennai,Fashion,Jacket,78,4500,9.64,317163.6,38792,376,100,302278.89,309721.24,335473.84,8.31,Low Demand,Overstocked,Monsoon
ORD100442,13-08-2024,August,Q3,2024,33,South,Pune,Fashion,T-Shirt,578,1200,10.71,619315.44,96857,1178,100,556952.26,588133.85,568904.33,3.27,High Demand,Overstocked,Monsoon
ORD100443,20-11-2025,November,Q4,2025,47,East,Mumbai,Office Supplies,Notebook,696,200,4.37,133116.96,80197,1202,100,116226.25,124671.6,139670.47,12.03,High Demand,Healthy Stock,Festive
ORD100444,13-07-2024,July,Q3,2024,28,West,Hyderabad,Furniture,Bookshelf,297,10000,17.45,2451735,32102,1038,100,2160239.95,2305987.48,2328998.91,1,Medium Demand,Overstocked,Monsoon
ORD100445,25-09-2025,September,Q3,2025,39,East,Bangalore,Electronics,Laptop,130,60000,13.52,6745440,91956,2117,100,7052565.21,6899002.61,7101928.7,2.94,Low Demand,Overstocked,Monsoon
ORD100446,08-07-2025,July,Q3,2025,28,North,Chennai,Home Appliances,Air Conditioner,372,45000,9.85,15091110,80303,1225,100,15035607.02,15063358.51,16553120.69,9.89,Medium Demand,Overstocked,Monsoon
ORD100447,07-06-2025,June,Q2,2025,23,East,Kolkata,Furniture,Bookshelf,181,10000,1.08,1790452,60466,2059,100,2105324.06,1947888.03,1623067.17,16.68,Low Demand,Overstocked,Summer
ORD100448,21-12-2024,December,Q4,2024,51,West,Bangalore,Fashion,Shoes,580,3000,9.2,1579920,95336,134,100,1271405.85,1425662.93,1488522.38,4.41,High Demand,Stockout Risk,Winter
ORD100449,17-08-2025,August,Q3,2025,33,North,Pune,Home Appliances,Air Conditioner,315,45000,3.74,13644855,39452,1071,100,12386298.49,13015576.75,14896161.39,14.45,Medium Demand,Overstocked,Monsoon
ORD100450,17-12-2024,December,Q4,2024,51,East,Bangalore,Fashion,T-Shirt,265,1200,8.38,291351.6,53799,1595,100,332644.99,311998.29,278510.54,10.73,Medium Demand,Overstocked,Winter
ORD100451,03-07-2024,July,Q3,2024,27,Central,Bangalore,Office Supplies,Paper Ream,284,350,16.28,83217.68,99478,1205,100,93339.87,88278.77,84138.73,4.69,Medium Demand,Overstocked,Monsoon
ORD100452,25-01-2025,January,Q1,2025,4,South,Bangalore,Furniture,Desk,59,15000,3.53,853759.5,70483,650,100,1022995.73,938377.61,913418.49,2.66,Low Demand,Overstocked,Winter
ORD100453,13-06-2025,June,Q2,2025,24,Central,Pune,Fashion,T-Shirt,306,1200,11.24,325926.72,79427,295,100,312681.31,319304.02,338347.34,5.96,Medium Demand,Healthy Stock,Summer
ORD100454,02-03-2024,March,Q1,2024,9,South,Ahmedabad,Fashion,Jacket,148,4500,9,606060,48864,1164,100,572353.86,589206.93,613375.15,4.1,Low Demand,Overstocked,Spring
ORD100455,20-09-2024,September,Q3,2024,38,East,Delhi,Fashion,Shoes,409,3000,17.35,1014115.5,84374,914,100,1045290.93,1029703.22,1044511.68,1.44,Medium Demand,Overstocked,Monsoon
ORD100456,05-07-2025,July,Q3,2025,27,South,Ahmedabad,Home Appliances,Refrigerator,572,35000,9.75,18068050,63580,421,100,17208523.94,17638286.97,17296629.46,1.94,High Demand,Stockout Risk,Monsoon
ORD100457,08-10-2025,October,Q4,2025,41,South,Bangalore,Home Appliances,Refrigerator,933,35000,8.1,30009945,14351,424,100,25952594.3,27981269.65,28378712.06,1.42,High Demand,Stockout Risk,Festive
ORD100458,20-11-2024,November,Q4,2024,47,East,Ahmedabad,Office Supplies,Paper Ream,585,350,8.9,186527.25,52600,2233,100,221260.57,203893.91,183318.57,10.09,High Demand,Overstocked,Festive
ORD100459,07-07-2024,July,Q3,2024,27,North,Bangalore,Furniture,Bookshelf,307,10000,18.81,2492533,96841,427,100,2203968.96,2348250.98,2441209.54,3.96,Medium Demand,Healthy Stock,Monsoon
ORD100460,07-04-2024,April,Q2,2024,14,North,Chennai,Office Supplies,Notebook,76,200,15.42,12856.16,73679,440,100,10819.38,11837.77,13159.83,11.17,Low Demand,Overstocked,Summer
ORD100461,27-03-2024,March,Q1,2024,13,West,Ahmedabad,Furniture,Office Chair,340,8000,8.86,2479008,21569,637,100,2505525.79,2492266.9,2315694.91,7.08,Medium Demand,Overstocked,Spring
ORD100462,05-02-2024,February,Q1,2024,6,East,Pune,Fashion,T-Shirt,603,1200,18.7,588286.8,76898,1922,100,502423.97,545355.39,641054.49,17.55,High Demand,Overstocked,Spring
ORD100463,06-07-2025,July,Q3,2025,27,South,Lucknow,Office Supplies,Pen Set,696,500,14.98,295869.6,78922,1881,100,298646.02,297257.81,304126.03,2.31,High Demand,Overstocked,Monsoon
ORD100464,13-11-2024,November,Q4,2024,46,East,Chennai,Office Supplies,Notebook,185,200,7.32,34291.6,39053,737,100,31597.28,32944.44,30863.07,6.32,Low Demand,Overstocked,Festive
ORD100465,19-05-2024,May,Q2,2024,20,East,Ahmedabad,Fashion,Jacket,58,4500,13.76,225086.4,69478,2054,100,207044.42,216065.41,237055.11,9.71,Low Demand,Overstocked,Summer
ORD100466,26-10-2024,October,Q4,2024,43,Central,Hyderabad,Electronics,Tablet,318,18000,11.21,5082339.6,56740,1123,100,4397788.09,4740063.84,5323362.29,12.31,Medium Demand,Overstocked,Festive
ORD100467,03-02-2025,February,Q1,2025,6,West,Hyderabad,Home Appliances,Microwave,482,9000,12.51,3795316.2,72713,1213,100,3468428.43,3631872.32,3979713.07,9.58,Medium Demand,Overstocked,Spring
ORD100468,02-10-2024,October,Q4,2024,40,West,Hyderabad,Electronics,Mobile,244,25000,12.74,5322860,85967,1954,100,4837700.75,5080280.38,5453540.24,7.35,Medium Demand,Overstocked,Festive
ORD100469,11-07-2024,July,Q3,2024,28,East,Delhi,Furniture,Office Chair,597,8000,0.44,4754985.6,18405,1255,100,4315996.07,4535490.83,4959636.32,9.35,High Demand,Overstocked,Monsoon
ORD100470,09-01-2024,January,Q1,2024,2,South,Mumbai,Furniture,Office Chair,555,8000,4.34,4247304,60082,1376,100,4732728.95,4490016.47,4245941.26,5.44,High Demand,Overstocked,Winter
ORD100471,15-01-2025,January,Q1,2025,3,West,Delhi,Home Appliances,Microwave,199,9000,1.12,1770940.8,56435,392,100,1801536.95,1786238.88,1658168.61,7.17,Low Demand,Healthy Stock,Winter
ORD100472,13-09-2024,September,Q3,2024,37,West,Delhi,Electronics,Mobile,444,25000,15.42,9388380,63059,1112,100,10280723.03,9834551.52,8512463.47,13.44,Medium Demand,Overstocked,Monsoon
ORD100473,16-04-2025,April,Q2,2025,16,North,Jaipur,Furniture,Desk,448,15000,13.63,5804064,45908,1423,100,5011487.57,5407775.79,6069004.52,12.23,Medium Demand,Overstocked,Summer
ORD100474,16-07-2025,July,Q3,2025,29,Central,Mumbai,Home Appliances,Refrigerator,355,35000,3.97,11931727.5,11827,992,100,14190518.35,13061122.93,11301650.77,13.47,Medium Demand,Overstocked,Monsoon
ORD100475,20-03-2025,March,Q1,2025,12,East,Delhi,Furniture,Desk,648,15000,2.39,9487692,36862,136,100,11266956.56,10377324.28,9641538.76,7.09,High Demand,Stockout Risk,Spring
ORD100476,08-12-2025,December,Q4,2025,50,West,Lucknow,Furniture,Desk,141,15000,4.97,2009884.5,70525,474,100,2159375.4,2084629.95,1944933.92,6.7,Low Demand,Overstocked,Winter
ORD100477,02-10-2025,October,Q4,2025,40,North,Delhi,Home Appliances,Air Conditioner,280,45000,15.83,10605420,21492,2098,100,9471380.87,10038400.43,11627094.64,15.83,Medium Demand,Overstocked,Festive
ORD100478,22-10-2025,October,Q4,2025,43,East,Chennai,Furniture,Office Chair,568,8000,2.69,4421766.4,10175,2087,100,4787227.12,4604496.76,4473965.17,2.83,High Demand,Overstocked,Festive
ORD100479,09-07-2025,July,Q3,2025,28,West,Hyderabad,Office Supplies,Notebook,606,200,6.95,112776.6,66393,1227,100,129362.06,121069.33,115002.36,5.01,High Demand,Overstocked,Monsoon
ORD100480,21-07-2025,July,Q3,2025,30,South,Mumbai,Office Supplies,Notebook,510,200,5.91,95971.8,39517,2318,100,90870.43,93421.11,86388.44,7.53,High Demand,Overstocked,Monsoon
ORD100481,15-10-2025,October,Q4,2025,42,Central,Kolkata,Furniture,Office Chair,942,8000,15.52,6366412.8,36298,1413,100,6929212.76,6647812.78,6567959.95,1.2,High Demand,Healthy Stock,Festive
ORD100482,05-07-2025,July,Q3,2025,27,West,Hyderabad,Office Supplies,Paper Ream,559,350,15.31,165695.98,25202,1259,100,153938.2,159817.09,170365.42,6.6,High Demand,Overstocked,Monsoon
ORD100483,23-04-2024,April,Q2,2024,17,North,Jaipur,Electronics,Laptop,182,60000,3.57,10530156,9099,927,100,8875047.85,9702601.93,9880691.02,1.84,Low Demand,Overstocked,Summer
ORD100484,02-02-2024,February,Q1,2024,5,Central,Kolkata,Fashion,Jacket,688,4500,14.03,2661631.2,38546,301,100,2519344.68,2590487.94,2718033.09,4.92,High Demand,Stockout Risk,Spring
ORD100485,13-03-2024,March,Q1,2024,11,North,Hyderabad,Fashion,Shoes,529,3000,16.02,1332762.6,12956,1578,100,1363693.3,1348227.95,1449577.6,7.52,High Demand,Overstocked,Spring
ORD100486,01-03-2025,March,Q1,2025,9,East,Delhi,Office Supplies,Pen Set,591,500,0.81,293106.45,14225,1344,100,243622.5,268364.47,276452.15,3.01,High Demand,Overstocked,Spring
ORD100487,15-06-2025,June,Q2,2025,24,North,Mumbai,Furniture,Bookshelf,444,10000,3.79,4271724,73969,1118,100,4391379.55,4331551.78,4654046.16,7.45,Medium Demand,Overstocked,Summer
ORD100488,25-07-2025,July,Q3,2025,30,Central,Kolkata,Electronics,Tablet,519,18000,14.05,8029449,60977,526,100,6959313.97,7494381.48,7516201.06,0.29,High Demand,Healthy Stock,Monsoon
ORD100489,15-02-2025,February,Q1,2025,7,Central,Pune,Furniture,Bookshelf,664,10000,8.86,6051696,51179,1390,100,6172926.82,6112311.41,6653053.41,8.85,High Demand,Overstocked,Spring
ORD100490,15-01-2025,January,Q1,2025,3,West,Kolkata,Home Appliances,Air Conditioner,296,45000,11.26,11820168,33039,1636,100,13076454.32,12448311.16,12827593.64,3.05,Medium Demand,Overstocked,Winter
ORD100491,17-09-2024,September,Q3,2024,38,East,Chennai,Fashion,T-Shirt,50,1200,14.53,51282,42287,166,100,51643.22,51462.61,56342.63,9.48,Low Demand,Overstocked,Monsoon
ORD100492,05-11-2024,November,Q4,2024,45,North,Ahmedabad,Furniture,Office Chair,466,8000,16.44,3115116.8,95402,1230,100,3637350.04,3376233.42,3122139.2,7.53,Medium Demand,Overstocked,Festive
ORD100493,07-08-2025,August,Q3,2025,32,Central,Bangalore,Electronics,Laptop,521,60000,7.11,29037414,23141,1185,100,27493586.37,28265500.19,29514531.85,4.42,High Demand,Overstocked,Monsoon
ORD100494,26-08-2024,August,Q3,2024,35,East,Ahmedabad,Electronics,Printer,632,12000,18.36,6191577.6,15118,1429,100,6916993.22,6554285.41,5786527.68,11.71,High Demand,Overstocked,Monsoon
ORD100495,07-12-2025,December,Q4,2025,49,Central,Mumbai,Office Supplies,Paper Ream,357,350,0.75,124012.88,80534,1662,100,103103.19,113558.04,112998.62,0.49,Medium Demand,Overstocked,Winter
ORD100496,08-12-2024,December,Q4,2024,49,East,Kolkata,Fashion,Shoes,282,3000,14.95,719523,83944,146,100,758056.94,738789.97,738546.27,0.03,Medium Demand,Stockout Risk,Winter
ORD100497,25-02-2024,February,Q1,2024,8,East,Jaipur,Electronics,Tablet,602,18000,11.3,9611532,47838,2157,100,10371875.89,9991703.95,8944871.3,10.48,High Demand,Overstocked,Spring
ORD100498,20-11-2025,November,Q4,2025,47,West,Chennai,Office Supplies,Paper Ream,715,350,8.64,228628.4,56684,706,100,194991.59,211809.99,209539.99,1.07,High Demand,Healthy Stock,Festive
ORD100499,08-08-2025,August,Q3,2025,32,North,Jaipur,Fashion,T-Shirt,137,1200,7.97,151297.32,61949,634,100,167155.27,159226.29,150720.05,5.34,Low Demand,Overstocked,Monsoon
ORD100500,21-07-2024,July,Q3,2024,29,West,Kolkata,Office Supplies,Notebook,624,200,12.32,109424.64,73714,1108,100,98145.81,103785.23,104309.19,0.5,High Demand,Overstocked,Monsoon
ORD100501,16-03-2025,March,Q1,2025,11,East,Lucknow,Electronics,Laptop,473,60000,8.47,25976214,50653,880,100,24113598.54,25044906.27,26463928.58,5.67,Medium Demand,Overstocked,Spring
ORD100502,25-01-2024,January,Q1,2024,4,East,Bangalore,Home Appliances,Air Conditioner,502,45000,12.46,19775286,62732,283,100,23130861,21453073.5,18721222.11,12.73,High Demand,Stockout Risk,Winter
ORD100503,02-12-2025,December,Q4,2025,49,East,Bangalore,Electronics,Laptop,105,60000,4.86,5993820,86396,704,100,6877914.09,6435867.04,6377585.06,0.91,Low Demand,Overstocked,Winter
ORD100504,15-01-2024,January,Q1,2024,3,East,Mumbai,Home Appliances,Refrigerator,532,35000,0.45,18536210,32395,2303,100,16399914.12,17468062.06,18708315.8,7.1,High Demand,Overstocked,Winter
ORD100505,21-09-2024,September,Q3,2024,38,Central,Chennai,Office Supplies,Paper Ream,194,350,13.9,58461.9,92590,175,100,55576.38,57019.14,63209.48,10.86,Low Demand,Healthy Stock,Monsoon
ORD100506,23-06-2025,June,Q2,2025,26,North,Ahmedabad,Furniture,Office Chair,340,8000,4.01,2610928,96295,1211,100,2144183.1,2377555.55,2691740.33,13.21,Medium Demand,Overstocked,Summer
ORD100507,09-01-2024,January,Q1,2024,2,North,Kolkata,Home Appliances,Air Conditioner,418,45000,17.29,15557751,7500,1298,100,17844183.07,16700967.04,16022651.28,4.06,Medium Demand,Overstocked,Winter
ORD100508,24-08-2024,August,Q3,2024,34,West,Jaipur,Electronics,Tablet,546,18000,17.34,8123824.8,74672,460,100,7104828.72,7614326.76,8124882.23,6.71,High Demand,Healthy Stock,Monsoon
ORD100509,13-04-2025,April,Q2,2025,15,Central,Delhi,Electronics,Mobile,592,25000,6.1,13897200,69216,1711,100,15255738.68,14576469.34,12558544.5,13.84,High Demand,Overstocked,Summer
ORD100510,01-12-2025,December,Q4,2025,49,East,Pune,Home Appliances,Microwave,563,9000,5.52,4787301.6,13127,1155,100,5512438.53,5149870.06,5161096.11,0.22,High Demand,Overstocked,Winter
ORD100511,31-01-2024,January,Q1,2024,5,Central,Ahmedabad,Furniture,Office Chair,399,8000,17.94,2619355.2,91105,662,100,2187470.69,2403412.95,2557646.92,6.42,Medium Demand,Overstocked,Winter
ORD100512,25-11-2025,November,Q4,2025,48,Central,Hyderabad,Fashion,Shoes,809,3000,19.41,1955919.3,84346,1448,100,1916150.91,1936035.1,1811874.5,6.41,High Demand,Overstocked,Festive
ORD100513,30-10-2025,October,Q4,2025,44,South,Lucknow,Office Supplies,Paper Ream,354,350,6.18,116242.98,97423,2245,100,135286.5,125764.74,114617.07,8.86,Medium Demand,Overstocked,Festive
ORD100514,28-05-2024,May,Q2,2024,22,Central,Bangalore,Home Appliances,Microwave,620,9000,10.66,4985172,99298,584,100,4355315.89,4670243.95,5323687.62,13.99,High Demand,Healthy Stock,Summer
ORD100515,29-05-2024,May,Q2,2024,22,North,Pune,Fashion,T-Shirt,360,1200,8.86,393724.8,88472,1221,100,338911.54,366318.17,369151.14,0.77,Medium Demand,Overstocked,Summer
ORD100516,14-05-2024,May,Q2,2024,20,South,Delhi,Office Supplies,Paper Ream,323,350,12.11,99359.65,85263,1045,100,103189.4,101274.52,94012.36,7.17,Medium Demand,Overstocked,Summer
ORD100517,27-01-2024,January,Q1,2024,4,East,Mumbai,Fashion,Shoes,564,3000,16.92,1405713.6,66441,1631,100,1228018.17,1316865.89,1374073.88,4.34,High Demand,Overstocked,Winter
ORD100518,30-04-2025,April,Q2,2025,18,South,Bangalore,Furniture,Office Chair,83,8000,8.17,609751.2,6967,1205,100,719554.72,664652.96,575916.62,13.35,Low Demand,Overstocked,Summer
ORD100519,18-11-2025,November,Q4,2025,47,South,Hyderabad,Electronics,Mobile,688,25000,9.8,15514400,47584,1974,100,17919671.38,16717035.69,15289613.98,8.54,High Demand,Overstocked,Festive
ORD100520,12-02-2024,February,Q1,2024,7,Central,Kolkata,Home Appliances,Refrigerator,676,35000,18.78,19216652,79964,2296,100,19410590.54,19313621.27,20660910.12,6.98,High Demand,Overstocked,Spring
ORD100521,09-02-2024,February,Q1,2024,6,Central,Mumbai,Fashion,T-Shirt,93,1200,17.56,92003.04,37207,2224,100,93396.67,92699.85,100905.82,8.85,Low Demand,Overstocked,Spring
ORD100522,10-02-2024,February,Q1,2024,6,Central,Kolkata,Office Supplies,Paper Ream,100,350,3.8,33670,62613,1730,100,38847.07,36258.54,35512.94,2.06,Low Demand,Overstocked,Spring
ORD100523,19-10-2024,October,Q4,2024,42,West,Bangalore,Fashion,T-Shirt,939,1200,13.8,971301.6,23643,1998,100,1099472.04,1035386.82,961918.46,7.1,High Demand,Overstocked,Festive
ORD100524,27-05-2025,May,Q2,2025,22,North,Bangalore,Office Supplies,Paper Ream,609,350,2.71,207373.64,59206,1424,100,203299.65,205336.65,194055.22,5.49,High Demand,Overstocked,Summer
ORD100525,27-08-2025,August,Q3,2025,35,South,Chennai,Electronics,Tablet,381,18000,13.83,5909538.6,98253,771,100,6425736.13,6167637.37,5464602.6,11.4,Medium Demand,Overstocked,Monsoon
ORD100526,26-04-2024,April,Q2,2024,17,West,Pune,Electronics,Printer,573,12000,12.24,6034377.6,25958,1651,100,6155900.03,6095138.81,5483929.02,10.03,High Demand,Overstocked,Summer
ORD100527,23-06-2024,June,Q2,2024,25,East,Lucknow,Furniture,Office Chair,198,8000,3.58,1527292.8,98329,310,100,1478163.88,1502728.34,1469108.54,2.24,Low Demand,Healthy Stock,Summer
ORD100528,01-04-2025,April,Q2,2025,14,East,Bangalore,Electronics,Mobile,257,25000,0.07,6420502.5,38175,150,100,6314288.53,6367395.52,6876886.02,8,Medium Demand,Stockout Risk,Summer
ORD100529,10-07-2025,July,Q3,2025,28,North,Lucknow,Fashion,Shoes,272,3000,11.78,719875.2,67352,1958,100,694003.28,706939.24,659320.01,6.74,Medium Demand,Overstocked,Monsoon
ORD100530,06-09-2025,September,Q3,2025,36,North,Hyderabad,Office Supplies,Pen Set,684,500,12.57,299010.6,32215,300,100,261316.13,280163.36,272402.48,2.77,High Demand,Stockout Risk,Monsoon
ORD100531,23-12-2024,December,Q4,2024,52,North,Bangalore,Electronics,Tablet,389,18000,18.41,5712931.8,11426,546,100,5523164.03,5618047.92,5345302.8,4.85,Medium Demand,Healthy Stock,Winter
ORD100532,19-11-2025,November,Q4,2025,47,East,Lucknow,Office Supplies,Paper Ream,797,350,9.11,253537.65,80886,1575,100,297296.2,275416.92,232906.09,15.44,High Demand,Overstocked,Festive
ORD100533,02-11-2024,November,Q4,2024,44,East,Pune,Fashion,Shoes,670,3000,1.3,1983870,66710,651,100,1683927.29,1833898.65,2126473.73,15.95,High Demand,Healthy Stock,Festive
ORD100534,03-12-2024,December,Q4,2024,49,Central,Kolkata,Office Supplies,Notebook,264,200,12.24,46337.28,19326,2440,100,50595.28,48466.28,47532.58,1.93,Medium Demand,Overstocked,Winter
ORD100535,30-03-2024,March,Q1,2024,13,West,Lucknow,Home Appliances,Refrigerator,673,35000,16.96,19560072,39034,2252,100,20147990.56,19854031.28,20042204.88,0.95,High Demand,Overstocked,Spring
ORD100536,12-05-2024,May,Q2,2024,19,Central,Lucknow,Fashion,Jacket,697,4500,9.95,2824418.25,28580,1053,100,3060073.1,2942245.67,3095143.07,5.2,High Demand,Healthy Stock,Summer
ORD100537,02-01-2024,January,Q1,2024,1,North,Delhi,Fashion,Jacket,208,4500,4.15,897156,85649,1798,100,866308.6,881732.3,867333.15,1.63,Medium Demand,Overstocked,Winter
ORD100538,27-07-2025,July,Q3,2025,30,South,Delhi,Furniture,Bookshelf,338,10000,5.09,3207958,13891,1360,100,2951685.78,3079821.89,3240033.47,5.2,Medium Demand,Overstocked,Monsoon
ORD100539,07-01-2024,January,Q1,2024,1,North,Pune,Home Appliances,Refrigerator,632,35000,12.32,19394816,8816,819,100,17021011.39,18207913.7,20689712.05,13.63,High Demand,Healthy Stock,Winter
ORD100540,19-11-2025,November,Q4,2025,47,West,Chennai,Electronics,Mobile,691,25000,9.21,15683972.5,75381,1472,100,15448525.18,15566248.84,16669448.64,7.09,High Demand,Overstocked,Festive
ORD100541,27-02-2024,February,Q1,2024,9,Central,Ahmedabad,Office Supplies,Paper Ream,373,350,11.1,116058.95,7453,953,100,119652.03,117855.49,112152.85,4.84,Medium Demand,Overstocked,Spring
ORD100542,28-12-2024,December,Q4,2024,52,North,Bangalore,Home Appliances,Microwave,397,9000,19.67,2870190.9,87118,2288,100,3263298.88,3066744.89,2910937.07,5.08,Medium Demand,Overstocked,Winter
ORD100543,02-02-2025,February,Q1,2025,5,South,Lucknow,Electronics,Tablet,372,18000,14.2,5745168,40585,1795,100,4795601.54,5270384.77,6178409.66,17.23,Medium Demand,Overstocked,Spring
ORD100544,15-01-2025,January,Q1,2025,3,West,Ahmedabad,Furniture,Bookshelf,359,10000,3.5,3464350,54049,253,100,3849295.26,3656822.63,3750750.48,2.57,Medium Demand,Stockout Risk,Winter
ORD100545,30-03-2025,March,Q1,2025,13,Central,Delhi,Fashion,Jacket,207,4500,3.8,896103,68369,2244,100,828127.75,862115.38,865158.4,0.35,Medium Demand,Overstocked,Spring
ORD100546,10-04-2024,April,Q2,2024,15,Central,Bangalore,Furniture,Bookshelf,87,10000,9.19,790047,98543,2239,100,668643.95,729345.47,760180.27,4.23,Low Demand,Overstocked,Summer
ORD100547,15-02-2024,February,Q1,2024,7,Central,Mumbai,Home Appliances,Refrigerator,97,35000,2.06,3325063,91374,1379,100,2689949.71,3007506.35,3496964.65,16.27,Low Demand,Overstocked,Spring
ORD100548,16-10-2025,October,Q4,2025,42,South,Pune,Furniture,Office Chair,442,8000,6.38,3310403.2,62817,581,100,3009360.7,3159881.95,3083637.94,2.41,Medium Demand,Healthy Stock,Festive
ORD100549,27-04-2024,April,Q2,2024,17,North,Lucknow,Office Supplies,Paper Ream,154,350,4.13,51673.93,50916,2350,100,47922.09,49798.01,47969.5,3.67,Low Demand,Overstocked,Summer
ORD100550,22-12-2025,December,Q4,2025,52,East,Lucknow,Furniture,Office Chair,122,8000,6.23,915195.2,49399,2314,100,894565.84,904880.52,847484.3,6.34,Low Demand,Overstocked,Winter
ORD100551,27-04-2025,April,Q2,2025,17,North,Mumbai,Fashion,Shoes,138,3000,8.53,378685.8,28459,1926,100,396304.59,387495.2,364480.59,5.94,Low Demand,Overstocked,Summer
ORD100552,21-07-2024,July,Q3,2024,29,Central,Mumbai,Fashion,Jacket,184,4500,1.86,812599.2,96566,2018,100,681693.69,747146.44,781784.09,4.64,Low Demand,Overstocked,Monsoon
ORD100553,21-10-2025,October,Q4,2025,43,West,Chennai,Furniture,Office Chair,271,8000,12.34,1900468.8,52638,1705,100,1659757.76,1780113.28,2059068.4,15.67,Medium Demand,Overstocked,Festive
ORD100554,04-12-2024,December,Q4,2024,49,East,Chennai,Fashion,Shoes,116,3000,9.51,314905.2,51064,2060,100,310023.12,312464.16,294171.94,5.85,Low Demand,Overstocked,Winter
ORD100555,22-12-2024,December,Q4,2024,51,Central,Lucknow,Furniture,Bookshelf,155,10000,8.11,1424295,98621,538,100,1325089.85,1374692.43,1466867.58,6.71,Low Demand,Overstocked,Winter
ORD100556,05-11-2024,November,Q4,2024,45,Central,Chennai,Fashion,Jacket,608,4500,4.87,2602756.8,25843,2075,100,2481797.8,2542277.3,2519840.34,0.88,High Demand,Overstocked,Festive
ORD100557,11-12-2025,December,Q4,2025,50,Central,Kolkata,Fashion,Jacket,481,4500,4.72,2062335.6,91849,419,100,2259797.67,2161066.63,2149741.02,0.52,Medium Demand,Stockout Risk,Winter
ORD100558,13-05-2025,May,Q2,2025,20,North,Lucknow,Office Supplies,Pen Set,383,500,11.1,170243.5,63355,821,100,157171.23,163707.36,167035.9,2.03,Medium Demand,Overstocked,Summer
ORD100559,04-09-2025,September,Q3,2025,36,North,Lucknow,Fashion,T-Shirt,556,1200,12.9,581131.2,13058,470,100,515489.36,548310.28,539163.85,1.67,High Demand,Healthy Stock,Monsoon
ORD100560,17-08-2025,August,Q3,2025,33,North,Bangalore,Furniture,Desk,594,15000,5.83,8390547,85684,2467,100,8213203.62,8301875.31,7896615.1,4.88,High Demand,Overstocked,Monsoon
ORD100561,20-11-2024,November,Q4,2024,47,East,Lucknow,Home Appliances,Refrigerator,562,35000,11.65,17378445,85149,2190,100,16712485.03,17045465.02,16083944.43,5.64,High Demand,Overstocked,Festive
ORD100562,28-10-2024,October,Q4,2024,44,North,Pune,Office Supplies,Notebook,67,200,16.42,11199.72,52086,549,100,12818.07,12008.9,12018.82,0.08,Low Demand,Overstocked,Festive
ORD100563,28-08-2024,August,Q3,2024,35,West,Lucknow,Fashion,Jacket,375,4500,14.24,1447200,58219,1662,100,1409682.82,1428441.41,1363614.38,4.54,Medium Demand,Overstocked,Monsoon
ORD100564,26-06-2024,June,Q2,2024,26,West,Bangalore,Furniture,Bookshelf,443,10000,16.87,3682659,52223,1808,100,3173372.73,3428015.87,4049051.19,18.12,Medium Demand,Overstocked,Summer
ORD100565,17-11-2025,November,Q4,2025,47,South,Bangalore,Electronics,Laptop,83,60000,17.7,4098540,91235,1888,100,4877221.66,4487880.83,3799982.46,15.33,Low Demand,Overstocked,Festive
ORD100566,20-05-2024,May,Q2,2024,21,West,Chennai,Office Supplies,Pen Set,688,500,3.6,331616,71770,1837,100,338520.25,335068.12,328302.88,2.02,High Demand,Overstocked,Summer
ORD100567,29-12-2024,December,Q4,2024,52,South,Bangalore,Fashion,Jacket,68,4500,16.94,254163.6,36031,2155,100,230704.35,242433.98,275847.03,13.78,Low Demand,Overstocked,Winter
ORD100568,13-08-2025,August,Q3,2025,33,East,Delhi,Electronics,Printer,427,12000,2.26,5008197.6,68115,427,100,4291198.95,4649698.28,5239869.99,12.69,Medium Demand,Healthy Stock,Monsoon
ORD100569,13-10-2024,October,Q4,2024,41,West,Jaipur,Electronics,Laptop,397,60000,14.83,20287494,92650,419,100,21781254.22,21034374.11,20446536.64,2.79,Medium Demand,Healthy Stock,Festive
ORD100570,16-08-2025,August,Q3,2025,33,East,Lucknow,Electronics,Tablet,597,18000,15.57,9072847.8,66455,1959,100,9118803.99,9095825.89,9017017.84,0.87,High Demand,Overstocked,Monsoon
ORD100571,05-12-2024,December,Q4,2024,49,West,Pune,Home Appliances,Refrigerator,221,35000,0.71,7680081.5,83333,1345,100,8377346,8028713.75,7777935.37,3.12,Medium Demand,Overstocked,Winter
ORD100572,03-03-2024,March,Q1,2024,9,West,Lucknow,Furniture,Bookshelf,102,10000,13.13,886074,43240,211,100,810515.16,848294.58,812088.62,4.27,Low Demand,Overstocked,Spring
ORD100573,01-06-2025,June,Q2,2025,22,North,Ahmedabad,Home Appliances,Microwave,680,9000,5.62,5776056,38679,158,100,6333859.35,6054957.67,5895991.81,2.63,High Demand,Stockout Risk,Summer
ORD100574,28-08-2025,August,Q3,2025,35,South,Chennai,Home Appliances,Microwave,317,9000,15.65,2406505.5,35958,2086,100,2099251.72,2252878.61,2419687.79,7.4,Medium Demand,Overstocked,Monsoon
ORD100575,03-02-2024,February,Q1,2024,5,East,Mumbai,Furniture,Bookshelf,207,10000,16.75,1723275,59125,1669,100,1542639.55,1632957.27,1702659.46,4.27,Medium Demand,Overstocked,Spring
ORD100576,14-10-2025,October,Q4,2025,42,South,Hyderabad,Office Supplies,Paper Ream,507,350,5.29,168062.9,20203,315,100,145717.28,156890.09,164659.45,4.95,High Demand,Stockout Risk,Festive
ORD100577,04-11-2024,November,Q4,2024,45,West,Jaipur,Furniture,Desk,593,15000,2.9,8637045,61981,148,100,7907360.57,8272202.79,9150619.32,10.62,High Demand,Stockout Risk,Festive
ORD100578,26-01-2025,January,Q1,2025,4,East,Jaipur,Electronics,Laptop,594,60000,12.75,31095900,61595,1216,100,29043165.19,30069532.59,29647377.2,1.4,High Demand,Overstocked,Winter
ORD100579,10-04-2024,April,Q2,2024,15,East,Lucknow,Fashion,T-Shirt,297,1200,14.69,304044.84,82165,898,100,306471.4,305258.12,314851.7,3.14,Medium Demand,Overstocked,Summer
ORD100580,03-07-2024,July,Q3,2024,27,East,Jaipur,Electronics,Laptop,119,60000,0.24,7122864,17805,2251,100,5994338.18,6558601.09,7045854.73,7.43,Low Demand,Overstocked,Monsoon
ORD100581,12-08-2024,August,Q3,2024,33,East,Ahmedabad,Furniture,Office Chair,74,8000,12.39,518651.2,12455,988,100,612109.86,565380.53,532974.57,5.73,Low Demand,Overstocked,Monsoon
ORD100582,26-12-2025,December,Q4,2025,52,North,Mumbai,Office Supplies,Notebook,434,200,13.13,75403.16,89922,2418,100,84548.06,79975.61,70649.27,11.66,Medium Demand,Overstocked,Winter
ORD100583,23-04-2024,April,Q2,2024,17,South,Ahmedabad,Home Appliances,Refrigerator,127,35000,12.78,3876929,41226,1848,100,4175020.63,4025974.81,4006867.53,0.47,Low Demand,Overstocked,Summer
ORD100584,27-11-2024,November,Q4,2024,48,East,Bangalore,Electronics,Tablet,147,18000,6.65,2470041,12872,1157,100,2920186.9,2695113.95,2353783.51,12.66,Low Demand,Overstocked,Festive
ORD100585,27-03-2025,March,Q1,2025,13,North,Chennai,Furniture,Bookshelf,452,10000,3.57,4358636,69494,544,100,3737744.12,4048190.06,4592875.48,13.46,Medium Demand,Healthy Stock,Spring
ORD100586,11-08-2024,August,Q3,2024,32,Central,Mumbai,Fashion,Jacket,315,4500,2.07,1388157.75,14557,388,100,1427772.75,1407965.25,1318915.43,6.32,Medium Demand,Healthy Stock,Monsoon
ORD100587,01-04-2025,April,Q2,2025,14,North,Chennai,Furniture,Bookshelf,50,10000,18.66,406700,92111,1699,100,368703.89,387701.95,422972.49,9.1,Low Demand,Overstocked,Summer
ORD100588,04-02-2025,February,Q1,2025,6,Central,Delhi,Office Supplies,Paper Ream,552,350,9.56,174730.08,57941,387,100,177534.76,176132.42,157372.65,10.65,High Demand,Stockout Risk,Spring
ORD100589,06-12-2025,December,Q4,2025,49,West,Mumbai,Office Supplies,Paper Ream,417,350,6.67,136215.14,44692,1740,100,111979.45,124097.3,149755.36,20.68,Medium Demand,Overstocked,Winter
ORD100590,24-10-2025,October,Q4,2025,43,North,Pune,Office Supplies,Pen Set,181,500,15.21,76734.95,43005,931,100,66809.08,71772.01,69665.07,2.94,Low Demand,Overstocked,Festive
ORD100591,28-01-2025,January,Q1,2025,5,South,Ahmedabad,Fashion,Shoes,695,3000,13.78,1797687,68766,447,100,2074684.79,1936185.9,1775389.84,8.3,High Demand,Stockout Risk,Winter
ORD100592,13-07-2024,July,Q3,2024,28,South,Delhi,Furniture,Office Chair,657,8000,4.77,5005288.8,55956,358,100,5591386.44,5298337.62,5148848.13,2.82,High Demand,Stockout Risk,Monsoon
ORD100593,26-05-2025,May,Q2,2025,22,Central,Chennai,Electronics,Laptop,397,60000,1.12,23553216,99504,275,100,22662978.45,23108097.23,22195034.76,3.95,Medium Demand,Stockout Risk,Summer
ORD100594,31-10-2025,October,Q4,2025,44,Central,Chennai,Office Supplies,Notebook,826,200,1.44,162821.12,23558,2102,100,172839.93,167830.52,161883.91,3.54,High Demand,Overstocked,Festive
ORD100595,25-09-2025,September,Q3,2025,39,North,Hyderabad,Furniture,Office Chair,226,8000,12.65,1579288,45283,498,100,1551609.14,1565448.57,1475272.74,5.76,Medium Demand,Overstocked,Monsoon
ORD100596,28-08-2025,August,Q3,2025,35,North,Mumbai,Electronics,Printer,659,12000,15.98,6644301.6,33910,358,100,7453454.03,7048877.81,6546246.94,7.13,High Demand,Stockout Risk,Monsoon
ORD100597,25-11-2025,November,Q4,2025,48,West,Pune,Electronics,Mobile,521,25000,15.86,10959235,10975,810,100,10238133.68,10598684.34,10127967.14,4.44,High Demand,Healthy Stock,Festive
ORD100598,24-05-2024,May,Q2,2024,21,West,Bangalore,Home Appliances,Air Conditioner,275,45000,18.51,10084387.5,10334,646,100,8470755.82,9277571.66,10784983.6,16.25,Medium Demand,Overstocked,Summer
ORD100599,19-09-2025,September,Q3,2025,38,West,Bangalore,Electronics,Printer,132,12000,0.13,1581940.8,28516,465,100,1712761.77,1647351.29,1611596.03,2.17,Low Demand,Overstocked,Monsoon
ORD100600,17-10-2024,October,Q4,2024,42,West,Chennai,Furniture,Office Chair,263,8000,10.46,1883921.6,59005,1079,100,2214052.19,2048986.9,1925570.58,6.02,Medium Demand,Overstocked,Festive
ORD100601,08-02-2024,February,Q1,2024,6,Central,Bangalore,Fashion,Jacket,140,4500,12.54,550998,44478,1524,100,533098.47,542048.23,557357.66,2.82,Low Demand,Overstocked,Spring
ORD100602,15-07-2024,July,Q3,2024,29,North,Jaipur,Electronics,Tablet,602,18000,10.15,9736146,65845,952,100,8865448.63,9300797.32,9139746.68,1.73,High Demand,Healthy Stock,Monsoon
ORD100603,01-06-2024,June,Q2,2024,22,West,Chennai,Furniture,Office Chair,94,8000,1.08,743878.4,52735,1267,100,657466.44,700672.42,706890.06,0.89,Low Demand,Overstocked,Summer
ORD100604,23-09-2025,September,Q3,2025,39,West,Delhi,Electronics,Laptop,600,60000,3.52,34732800,8809,2086,100,34939859.14,34836329.57,31751749.76,8.85,High Demand,Overstocked,Monsoon
ORD100605,28-08-2024,August,Q3,2024,35,West,Lucknow,Office Supplies,Pen Set,479,500,3.98,229967.9,93716,1434,100,205137.18,217552.54,212036.51,2.54,Medium Demand,Overstocked,Monsoon
ORD100606,21-08-2024,August,Q3,2024,34,North,Hyderabad,Fashion,Shoes,434,3000,17.83,1069853.4,14637,2029,100,1106267.9,1088060.65,974495.09,10.44,Medium Demand,Overstocked,Monsoon
ORD100607,22-03-2025,March,Q1,2025,12,South,Hyderabad,Office Supplies,Pen Set,232,500,7.75,107010,22878,1974,100,116419.23,111714.61,109835.52,1.68,Medium Demand,Overstocked,Spring
ORD100608,03-10-2024,October,Q4,2024,40,South,Pune,Furniture,Office Chair,795,8000,2.73,6186372,66018,1978,100,5984012.88,6085192.44,6508483.5,6.96,High Demand,Overstocked,Festive
ORD100609,13-08-2024,August,Q3,2024,33,East,Lucknow,Furniture,Bookshelf,676,10000,18.11,5535764,80775,2364,100,6321851.39,5928807.7,5077927.9,14.35,High Demand,Overstocked,Monsoon
ORD100610,18-06-2025,June,Q2,2025,25,West,Hyderabad,Office Supplies,Pen Set,523,500,5.58,246908.3,61113,1110,100,222003.3,234455.8,243661.39,3.93,High Demand,Overstocked,Summer
ORD100611,15-08-2024,August,Q3,2024,33,Central,Bangalore,Office Supplies,Notebook,477,200,19.6,76701.6,10250,2027,100,83864.8,80283.2,76766.28,4.38,Medium Demand,Overstocked,Monsoon
ORD100612,11-03-2025,March,Q1,2025,11,Central,Kolkata,Fashion,Jacket,150,4500,9.05,613912.5,36524,440,100,628274.85,621093.68,554046.58,10.8,Low Demand,Overstocked,Spring
ORD100613,20-02-2025,February,Q1,2025,8,South,Bangalore,Home Appliances,Refrigerator,294,35000,12.95,8957445,16892,165,100,8885007.76,8921226.38,8607811.92,3.51,Medium Demand,Stockout Risk,Spring
ORD100614,21-12-2025,December,Q4,2025,51,West,Lucknow,Office Supplies,Notebook,515,200,9.28,93441.6,23169,1760,100,81665.93,87553.76,100385.28,14.66,High Demand,Overstocked,Winter
ORD100615,03-10-2025,October,Q4,2025,40,West,Delhi,Electronics,Printer,518,12000,5.93,5847391.2,40361,2321,100,6023349.42,5935370.31,5504905.32,7.25,High Demand,Overstocked,Festive
ORD100616,02-12-2025,December,Q4,2025,49,North,Lucknow,Home Appliances,Air Conditioner,106,45000,10.29,4279167,93428,1590,100,4943255.9,4611211.45,3946219.17,14.42,Low Demand,Overstocked,Winter
ORD100617,09-01-2025,January,Q1,2025,2,West,Lucknow,Electronics,Tablet,425,18000,3.51,7381485,78241,374,100,7560879.32,7471182.16,7785363.7,4.21,Medium Demand,Stockout Risk,Winter
ORD100618,21-05-2024,May,Q2,2024,21,East,Hyderabad,Office Supplies,Notebook,539,200,14.75,91899.5,81037,959,100,101206.11,96552.8,96694.56,0.15,High Demand,Healthy Stock,Summer
ORD100619,24-11-2024,November,Q4,2024,47,East,Ahmedabad,Office Supplies,Paper Ream,623,350,1.27,215280.76,50249,1953,100,214094.73,214687.74,216429.61,0.81,High Demand,Overstocked,Festive
ORD100620,05-05-2024,May,Q2,2024,18,West,Jaipur,Office Supplies,Pen Set,512,500,12.42,224204.8,93251,368,100,196255.75,210230.27,241422.79,14.84,High Demand,Stockout Risk,Summer
ORD100621,30-03-2024,March,Q1,2024,13,North,Kolkata,Furniture,Desk,128,15000,2.19,1877952,41168,558,100,2025996.3,1951974.15,1876573.11,3.86,Low Demand,Overstocked,Spring
ORD100622,28-07-2024,July,Q3,2024,30,Central,Delhi,Home Appliances,Refrigerator,604,35000,18.63,17201618,67115,1520,100,16652060.52,16926839.26,18019414.72,6.45,High Demand,Overstocked,Monsoon
ORD100623,22-01-2024,January,Q1,2024,4,East,Hyderabad,Electronics,Laptop,287,60000,16.7,14344260,73107,1475,100,13837573.28,14090916.64,13893254.89,1.4,Medium Demand,Overstocked,Winter
ORD100624,23-10-2025,October,Q4,2025,43,East,Chennai,Office Supplies,Paper Ream,814,350,8.91,259515.41,44856,2423,100,221309.99,240412.7,274533.48,14.19,High Demand,Overstocked,Festive
ORD100625,24-06-2024,June,Q2,2024,26,East,Hyderabad,Fashion,T-Shirt,345,1200,15.39,350285.4,11202,707,100,329705.56,339995.48,347197.74,2.12,Medium Demand,Overstocked,Summer
ORD100626,19-06-2024,June,Q2,2024,25,Central,Bangalore,Office Supplies,Pen Set,236,500,19.46,95037.2,97813,728,100,82159.84,88598.52,87755.78,0.95,Medium Demand,Overstocked,Summer
ORD100627,20-11-2024,November,Q4,2024,47,Central,Bangalore,Fashion,T-Shirt,546,1200,11.25,581490,9546,1398,100,692676.14,637083.07,540546.62,15.15,High Demand,Overstocked,Festive
ORD100628,04-04-2025,April,Q2,2025,14,Central,Bangalore,Office Supplies,Pen Set,174,500,18.41,70983.3,58026,2145,100,78607.42,74795.36,77340.41,3.4,Low Demand,Overstocked,Summer
ORD100629,23-11-2024,November,Q4,2024,47,South,Delhi,Office Supplies,Paper Ream,524,350,5.91,172561.06,42988,2449,100,184080.39,178320.73,182900.1,2.57,High Demand,Overstocked,Festive
ORD100630,28-03-2025,March,Q1,2025,13,East,Mumbai,Fashion,Shoes,192,3000,13.56,497894.4,20319,1361,100,403253.76,450574.08,509597.11,13.1,Low Demand,Overstocked,Spring
ORD100631,13-08-2024,August,Q3,2024,33,West,Pune,Electronics,Tablet,106,18000,12.16,1675987.2,30578,2489,100,1693708.31,1684847.75,1770272.66,5.07,Low Demand,Overstocked,Monsoon
ORD100632,11-10-2024,October,Q4,2024,41,South,Delhi,Electronics,Printer,194,12000,7.89,2144320.8,69286,1401,100,2232814.24,2188567.52,2149276.69,1.8,Low Demand,Overstocked,Festive
ORD100633,27-02-2024,February,Q1,2024,9,East,Kolkata,Furniture,Bookshelf,487,10000,7.39,4510107,53867,149,100,4121607.04,4315857.02,4376026.06,1.39,Medium Demand,Stockout Risk,Spring
ORD100634,01-04-2025,April,Q2,2025,14,Central,Mumbai,Furniture,Bookshelf,504,10000,14.83,4292568,59474,1912,100,3929646.86,4111107.43,4554992.24,10.8,High Demand,Overstocked,Summer
ORD100635,10-03-2025,March,Q1,2025,11,West,Bangalore,Office Supplies,Paper Ream,138,350,2.87,46913.79,44745,2044,100,56078.54,51496.17,47151.18,8.44,Low Demand,Overstocked,Spring
ORD100636,09-12-2024,December,Q4,2024,50,North,Lucknow,Fashion,Shoes,56,3000,8.19,154240.8,40825,1797,100,134182.9,144211.85,153072.27,6.14,Low Demand,Overstocked,Winter
ORD100637,04-08-2025,August,Q3,2025,32,South,Hyderabad,Furniture,Desk,346,15000,11.08,4614948,10535,1336,100,5232585.32,4923766.66,4433963.01,9.95,Medium Demand,Overstocked,Monsoon
ORD100638,26-07-2025,July,Q3,2025,30,West,Hyderabad,Electronics,Laptop,207,60000,5.25,11767950,88958,2035,100,9998883.13,10883416.57,12158442.26,11.72,Medium Demand,Overstocked,Monsoon
ORD100639,21-10-2024,October,Q4,2024,43,West,Bangalore,Fashion,Jacket,376,4500,15.29,1433293.2,69625,373,100,1489989.3,1461641.25,1393665.37,4.65,Medium Demand,Healthy Stock,Festive
ORD100640,07-05-2025,May,Q2,2025,19,Central,Kolkata,Home Appliances,Air Conditioner,722,45000,16.37,27171387,53916,2199,100,29703295.86,28437341.43,24549593.13,13.67,High Demand,Overstocked,Summer
ORD100641,22-09-2024,September,Q3,2024,38,South,Lucknow,Electronics,Mobile,377,25000,9.22,8556015,95869,654,100,8067930.16,8311972.58,7790916.17,6.27,Medium Demand,Healthy Stock,Monsoon
ORD100642,04-01-2025,January,Q1,2025,1,West,Pune,Electronics,Tablet,348,18000,10.59,5600642.4,15069,2204,100,4914708.95,5257675.68,5744052.39,9.25,Medium Demand,Overstocked,Winter
ORD100643,06-04-2024,April,Q2,2024,14,Central,Bangalore,Office Supplies,Pen Set,373,500,16.54,155652.9,94780,1333,100,141423.67,148538.29,161815.74,8.94,Medium Demand,Overstocked,Summer
ORD100644,06-01-2025,January,Q1,2025,2,North,Jaipur,Office Supplies,Pen Set,197,500,0.26,98243.9,72917,1252,100,93253.67,95748.79,97947.18,2.3,Low Demand,Overstocked,Winter
ORD100645,14-12-2024,December,Q4,2024,50,South,Mumbai,Furniture,Office Chair,565,8000,4.42,4320216,29696,2388,100,4516230.01,4418223,4606573.9,4.26,High Demand,Overstocked,Winter
ORD100646,22-06-2025,June,Q2,2025,25,Central,Jaipur,Electronics,Printer,521,12000,18.32,5106633.6,20278,637,100,5971512.99,5539073.29,5085715.02,8.18,High Demand,Healthy Stock,Summer
ORD100647,15-11-2024,November,Q4,2024,46,East,Bangalore,Fashion,Jacket,798,4500,6.84,3345375.6,98047,1347,100,2714785.06,3030080.33,3555849.31,17.35,High Demand,Overstocked,Festive
ORD100648,15-08-2024,August,Q3,2024,33,South,Bangalore,Furniture,Desk,178,15000,4.2,2557860,15302,1840,100,2753094.43,2655477.21,2703161.65,1.8,Low Demand,Overstocked,Monsoon
ORD100649,20-03-2024,March,Q1,2024,12,North,Chennai,Fashion,Shoes,251,3000,2.16,736735.2,91479,2203,100,764193.67,750464.44,732179.57,2.44,Medium Demand,Overstocked,Spring
ORD100650,16-09-2024,September,Q3,2024,38,North,Mumbai,Home Appliances,Air Conditioner,60,45000,15.09,2292570,21225,941,100,2372904.45,2332737.23,2155027,7.62,Low Demand,Overstocked,Monsoon
ORD100651,17-11-2025,November,Q4,2025,47,East,Delhi,Electronics,Mobile,465,25000,6.96,10815900,26044,2150,100,12030751.13,11423325.57,11060245.09,3.18,Medium Demand,Overstocked,Festive
ORD100652,01-06-2025,June,Q2,2025,22,Central,Mumbai,Electronics,Laptop,591,60000,4.34,33921036,30106,1254,100,29467522.33,31694279.16,35644345.87,12.46,High Demand,Overstocked,Summer
ORD100653,05-01-2024,January,Q1,2024,1,North,Hyderabad,Office Supplies,Paper Ream,536,350,7.33,173848.92,82251,858,100,169653.31,171751.11,189764.71,10.49,High Demand,Healthy Stock,Winter
ORD100654,04-07-2024,July,Q3,2024,27,East,Kolkata,Fashion,Shoes,576,3000,4.55,1649376,19790,1387,100,1401056.11,1525216.06,1520828.97,0.29,High Demand,Overstocked,Monsoon
ORD100655,19-05-2024,May,Q2,2024,20,West,Pune,Home Appliances,Air Conditioner,110,45000,9.87,4461435,55434,1261,100,4384601.53,4423018.27,4672170.37,5.63,Low Demand,Overstocked,Summer
ORD100656,04-12-2025,December,Q4,2025,49,West,Hyderabad,Office Supplies,Pen Set,347,500,19.7,139320.5,61093,873,100,159202.86,149261.68,150319.98,0.71,Medium Demand,Overstocked,Winter
ORD100657,02-05-2025,May,Q2,2025,18,East,Bangalore,Electronics,Printer,157,12000,7.93,1734598.8,73506,448,100,1470397.09,1602497.95,1698106.82,5.97,Low Demand,Overstocked,Summer
ORD100658,12-12-2025,December,Q4,2025,50,Central,Mumbai,Furniture,Office Chair,422,8000,19.5,2717680,49385,920,100,2820909.26,2769294.63,2984372.09,7.77,Medium Demand,Overstocked,Winter
ORD100659,05-05-2024,May,Q2,2024,18,South,Kolkata,Fashion,T-Shirt,645,1200,11.87,682126.2,89388,1739,100,642862.28,662494.24,704865.15,6.4,High Demand,Overstocked,Summer
ORD100660,18-02-2025,February,Q1,2025,8,West,Jaipur,Home Appliances,Microwave,515,9000,2.16,4534884,37858,2104,100,4529938.77,4532411.38,4651313.55,2.62,High Demand,Overstocked,Spring
ORD100661,17-05-2024,May,Q2,2024,20,North,Mumbai,Electronics,Laptop,560,60000,13.56,29043840,28474,1667,100,30258847.5,29651343.75,28038666.89,5.44,High Demand,Overstocked,Summer
ORD100662,06-11-2024,November,Q4,2024,45,Central,Lucknow,Electronics,Laptop,794,60000,15.85,40089060,31467,1302,100,42688326.14,41388693.07,40010889.22,3.33,High Demand,Healthy Stock,Festive
ORD100663,24-09-2024,September,Q3,2024,39,Central,Pune,Office Supplies,Paper Ream,68,350,19.05,19266.1,9141,1862,100,22195.52,20730.81,17798.54,14.14,Low Demand,Overstocked,Monsoon
ORD100664,05-04-2025,April,Q2,2025,14,East,Kolkata,Fashion,T-Shirt,86,1200,0.66,102518.88,77963,1341,100,118294.49,110406.68,95632.57,13.38,Low Demand,Overstocked,Summer
ORD100665,17-03-2025,March,Q1,2025,12,South,Ahmedabad,Fashion,T-Shirt,162,1200,11.38,172277.28,69297,2368,100,185051.58,178664.43,174765.32,2.18,Low Demand,Overstocked,Spring
ORD100666,02-05-2025,May,Q2,2025,18,Central,Bangalore,Office Supplies,Notebook,450,200,5.27,85257,82469,1647,100,89244.97,87250.99,82746.42,5.16,Medium Demand,Overstocked,Summer
ORD100667,18-10-2024,October,Q4,2024,42,East,Delhi,Electronics,Laptop,248,60000,6.98,13841376,81541,210,100,15309636.06,14575506.03,14187833.95,2.66,Medium Demand,Stockout Risk,Festive
ORD100668,24-01-2025,January,Q1,2025,4,North,Kolkata,Home Appliances,Refrigerator,471,35000,7.03,15326104.5,91670,1100,100,13778866.39,14552485.45,15780011.07,8.44,Medium Demand,Overstocked,Winter
ORD100669,29-08-2025,August,Q3,2025,35,North,Mumbai,Home Appliances,Microwave,395,9000,3.4,3434130,75571,1435,100,2798647.84,3116388.92,3542489.02,13.67,Medium Demand,Overstocked,Monsoon
ORD100670,08-03-2025,March,Q1,2025,10,Central,Jaipur,Fashion,T-Shirt,70,1200,13.92,72307.2,82068,191,100,86356.92,79332.06,70539.11,11.08,Low Demand,Overstocked,Spring
ORD100671,03-02-2025,February,Q1,2025,6,East,Lucknow,Electronics,Printer,152,12000,13.82,1571923.2,31988,1476,100,1569868,1570895.6,1669840.55,6.3,Low Demand,Overstocked,Spring
ORD100672,14-11-2025,November,Q4,2025,46,East,Bangalore,Office Supplies,Pen Set,588,500,4.04,282122.4,88288,408,100,320533.98,301328.19,284144.32,5.7,High Demand,Stockout Risk,Festive
ORD100673,21-10-2024,October,Q4,2024,43,East,Delhi,Home Appliances,Air Conditioner,631,45000,12.49,24848464.5,17053,2468,100,20820365.55,22834415.02,24037599.77,5.27,High Demand,Overstocked,Festive
ORD100674,09-03-2024,March,Q1,2024,10,Central,Jaipur,Fashion,T-Shirt,264,1200,6.95,294782.4,15048,1336,100,295329.46,295055.93,282985.74,4.09,Medium Demand,Overstocked,Spring
ORD100675,10-11-2025,November,Q4,2025,46,Central,Pune,Furniture,Desk,593,15000,10.31,7977925.5,93022,2342,100,6958668.45,7468296.97,7209816.13,3.46,High Demand,Overstocked,Festive
ORD100676,21-12-2025,December,Q4,2025,51,Central,Bangalore,Office Supplies,Pen Set,268,500,13.22,116285.2,66249,1197,100,136619.43,126452.32,117046.15,7.44,Medium Demand,Overstocked,Winter
ORD100677,21-09-2025,September,Q3,2025,38,West,Lucknow,Electronics,Mobile,423,25000,9.25,9596812.5,36506,716,100,10542803,10069807.75,10106460.98,0.36,Medium Demand,Healthy Stock,Monsoon
ORD100678,21-03-2025,March,Q1,2025,12,West,Pune,Electronics,Mobile,472,25000,5.34,11169880,42623,757,100,10081695.26,10625787.63,11396030.46,7.25,Medium Demand,Healthy Stock,Spring
ORD100679,19-02-2025,February,Q1,2025,8,South,Mumbai,Furniture,Office Chair,78,8000,4.91,593361.6,45703,2001,100,589892.18,591626.89,651664.49,10.15,Low Demand,Overstocked,Spring
ORD100680,08-03-2025,March,Q1,2025,10,North,Hyderabad,Furniture,Desk,189,15000,0.58,2818557,41408,2355,100,2453255.35,2635906.17,3017277.12,14.47,Low Demand,Overstocked,Spring
ORD100681,12-05-2025,May,Q2,2025,20,North,Delhi,Electronics,Tablet,666,18000,5.96,11273515.2,13333,1767,100,13062726.88,12168121.04,11660584.75,4.17,High Demand,Overstocked,Summer
ORD100682,02-04-2024,April,Q2,2024,14,West,Bangalore,Furniture,Office Chair,634,8000,14.69,4326923.2,20812,2237,100,4611145.17,4469034.19,4396517.21,1.62,High Demand,Overstocked,Summer
ORD100683,21-06-2025,June,Q2,2025,25,East,Chennai,Electronics,Mobile,664,25000,2.45,16193300,46079,1448,100,18345934.73,17269617.37,16961627.89,1.78,High Demand,Overstocked,Summer
ORD100684,29-08-2024,August,Q3,2024,35,West,Hyderabad,Furniture,Office Chair,229,8000,4.28,1753590.4,40985,1900,100,1689321.7,1721456.05,1880865.97,9.26,Medium Demand,Overstocked,Monsoon
ORD100685,27-02-2024,February,Q1,2024,9,West,Jaipur,Home Appliances,Air Conditioner,165,45000,6.33,6954997.5,60545,2045,100,7463375.68,7209186.59,7599468.91,5.41,Low Demand,Overstocked,Spring
ORD100686,28-05-2024,May,Q2,2024,22,East,Chennai,Home Appliances,Refrigerator,71,35000,12.91,2164186.5,84405,242,100,2459790.97,2311988.74,2234402.85,3.36,Low Demand,Overstocked,Summer
ORD100687,25-02-2024,February,Q1,2024,8,South,Ahmedabad,Office Supplies,Pen Set,366,500,12.78,159612.6,96831,1586,100,185352.18,172482.39,165526.19,4.03,Medium Demand,Overstocked,Spring
ORD100688,01-07-2025,July,Q3,2025,27,South,Chennai,Fashion,Shoes,452,3000,18.55,1104462,38493,1332,100,923440.82,1013951.41,1175745.68,15.96,Medium Demand,Overstocked,Monsoon
ORD100689,29-08-2024,August,Q3,2024,35,East,Hyderabad,Furniture,Desk,696,15000,6.34,9778104,89466,1764,100,10909694.25,10343899.12,9336205.13,9.74,High Demand,Overstocked,Monsoon
ORD100690,23-03-2024,March,Q1,2024,12,West,Chennai,Fashion,T-Shirt,482,1200,17.54,476948.64,18159,756,100,514814.96,495881.8,477552.89,3.7,Medium Demand,Healthy Stock,Spring
ORD100691,26-12-2024,December,Q4,2024,52,West,Lucknow,Office Supplies,Paper Ream,384,350,9.07,122209.92,8584,313,100,129120.78,125665.35,114479.89,8.9,Medium Demand,Stockout Risk,Winter
ORD100692,30-03-2025,March,Q1,2025,13,South,Delhi,Fashion,Shoes,693,3000,6.11,1951973.1,80472,436,100,1648111.95,1800042.52,1854219.68,3.01,High Demand,Stockout Risk,Spring
ORD100693,31-12-2025,December,Q4,2025,1,South,Lucknow,Fashion,T-Shirt,512,1200,9.57,555601.92,22499,1167,100,483035.65,519318.79,565938.38,8.98,High Demand,Overstocked,Winter
ORD100694,01-12-2024,December,Q4,2024,48,East,Hyderabad,Electronics,Printer,426,12000,3.64,4925923.2,54456,2436,100,4383061.11,4654492.16,5367393.52,15.32,Medium Demand,Overstocked,Winter
ORD100695,25-07-2025,July,Q3,2025,30,Central,Hyderabad,Electronics,Printer,253,12000,5.24,2876913.6,27119,303,100,2763028,2819970.8,2836005.83,0.57,Medium Demand,Healthy Stock,Monsoon
ORD100696,23-09-2024,September,Q3,2024,39,South,Mumbai,Home Appliances,Microwave,630,9000,2.35,5536755,99186,2253,100,5393150.92,5464952.96,6001830.29,9.82,High Demand,Overstocked,Monsoon
ORD100697,09-04-2025,April,Q2,2025,15,West,Mumbai,Furniture,Bookshelf,258,10000,3.81,2481702,39891,1279,100,2726341.26,2604021.63,2423170.32,6.95,Medium Demand,Overstocked,Summer
ORD100698,17-03-2025,March,Q1,2025,12,South,Lucknow,Furniture,Desk,243,15000,8.37,3339913.5,58546,697,100,2710370.69,3025142.09,3657958.88,20.92,Medium Demand,Overstocked,Spring
ORD100699,29-08-2024,August,Q3,2024,35,Central,Chennai,Furniture,Desk,646,15000,13.69,8363439,65052,451,100,6725276.29,7544357.64,7749905.37,2.72,High Demand,Stockout Risk,Monsoon
ORD100700,27-11-2024,November,Q4,2024,48,West,Hyderabad,Fashion,Jacket,657,4500,5.12,2805127.2,17488,2381,100,2310024.85,2557576.03,2711358.83,6.01,High Demand,Overstocked,Festive
ORD100701,28-08-2024,August,Q3,2024,35,West,Pune,Office Supplies,Paper Ream,662,350,14.19,198821.77,10965,121,100,179230.42,189026.1,203579.89,7.7,High Demand,Stockout Risk,Monsoon
ORD100702,05-11-2024,November,Q4,2024,45,West,Pune,Furniture,Bookshelf,123,10000,5.21,1165917,71027,2118,100,1366607.2,1266262.1,1254036.25,0.97,Low Demand,Overstocked,Festive
ORD100703,15-05-2024,May,Q2,2024,20,North,Pune,Office Supplies,Pen Set,195,500,5.21,92420.25,46060,280,100,110110.1,101265.18,92405.66,8.75,Low Demand,Healthy Stock,Summer
ORD100704,14-10-2024,October,Q4,2024,42,East,Kolkata,Home Appliances,Refrigerator,930,35000,18.53,26518485,72760,1382,100,25837229.03,26177857.02,24741660.68,5.49,High Demand,Healthy Stock,Festive
ORD100705,18-05-2025,May,Q2,2025,20,South,Jaipur,Fashion,Shoes,243,3000,2.97,707348.7,35128,850,100,576025.81,641687.26,673427.65,4.95,Medium Demand,Overstocked,Summer
ORD100706,23-12-2025,December,Q4,2025,52,West,Kolkata,Electronics,Printer,91,12000,8.83,995576.4,97933,2397,100,989682.39,992629.4,994180.31,0.16,Low Demand,Overstocked,Winter
ORD100707,31-05-2024,May,Q2,2024,22,North,Pune,Electronics,Mobile,340,25000,3.61,8193150,27058,2183,100,9250301.51,8721725.75,8296789.07,4.87,Medium Demand,Overstocked,Summer
ORD100708,10-11-2025,November,Q4,2025,46,Central,Hyderabad,Office Supplies,Notebook,802,200,3.61,154609.56,15070,1108,100,171199.38,162904.47,160079.91,1.73,High Demand,Healthy Stock,Festive
ORD100709,02-12-2024,December,Q4,2024,49,North,Ahmedabad,Electronics,Printer,432,12000,11.81,4571769.6,18902,1425,100,3938626.09,4255197.84,4188713.13,1.56,Medium Demand,Overstocked,Winter
ORD100710,25-12-2025,December,Q4,2025,52,West,Chennai,Home Appliances,Air Conditioner,55,45000,6.59,2311897.5,10747,1955,100,2149986.5,2230942,2418959.26,8.43,Low Demand,Overstocked,Winter
ORD100711,05-08-2025,August,Q3,2025,32,South,Hyderabad,Electronics,Tablet,380,18000,15.96,5748336,14269,2341,100,6787405.65,6267870.83,5611975.04,10.46,Medium Demand,Overstocked,Monsoon
ORD100712,12-02-2025,February,Q1,2025,7,East,Bangalore,Furniture,Desk,141,15000,0.41,2106328.5,32292,767,100,2012388.69,2059358.59,2065211.38,0.28,Low Demand,Overstocked,Spring
ORD100713,24-10-2025,October,Q4,2025,43,South,Mumbai,Home Appliances,Refrigerator,669,35000,18.43,19099615.5,94779,637,100,18022735.32,18561175.41,17556792.48,5.41,High Demand,Healthy Stock,Festive
ORD100714,11-01-2025,January,Q1,2025,2,Central,Hyderabad,Fashion,T-Shirt,447,1200,9.53,485281.08,78801,1832,100,405738.14,445509.61,477762.75,7.24,Medium Demand,Overstocked,Winter
ORD100715,12-01-2025,January,Q1,2025,2,Central,Bangalore,Fashion,Jacket,563,4500,10.27,2273309.55,65755,1018,100,2407535.4,2340422.47,2370441.47,1.28,High Demand,Healthy Stock,Winter
ORD100716,22-05-2025,May,Q2,2025,21,Central,Jaipur,Electronics,Tablet,529,18000,8.75,8688825,67601,1330,100,7467546.48,8078185.74,8042011.05,0.45,High Demand,Overstocked,Summer
ORD100717,03-11-2024,November,Q4,2024,44,South,Jaipur,Fashion,T-Shirt,794,1200,1.53,938222.16,10910,2202,100,790970.88,864596.52,924132.6,6.89,High Demand,Overstocked,Festive
ORD100718,06-04-2024,April,Q2,2024,14,West,Lucknow,Home Appliances,Refrigerator,310,35000,11.71,9579465,70987,166,100,8100148.42,8839806.71,9889031.78,11.87,Medium Demand,Stockout Risk,Summer
ORD100719,02-07-2024,July,Q3,2024,27,South,Kolkata,Electronics,Laptop,476,60000,17.54,23550576,44013,1385,100,24372099.11,23961337.55,23338612.1,2.6,Medium Demand,Overstocked,Monsoon
ORD100720,17-11-2025,November,Q4,2025,47,West,Lucknow,Home Appliances,Refrigerator,308,35000,1.56,10611832,84174,1162,100,12189241.75,11400536.88,9776321.42,14.25,Medium Demand,Overstocked,Festive
ORD100721,01-07-2025,July,Q3,2025,27,North,Delhi,Fashion,Shoes,63,3000,3.43,182517.3,67537,1984,100,196520.48,189518.89,195979.06,3.41,Low Demand,Overstocked,Monsoon
ORD100722,08-09-2025,September,Q3,2025,37,West,Ahmedabad,Office Supplies,Paper Ream,419,350,13.81,126397.63,95478,1717,100,141799.98,134098.8,115973.24,13.52,Medium Demand,Overstocked,Monsoon
ORD100723,18-05-2024,May,Q2,2024,20,North,Hyderabad,Electronics,Laptop,242,60000,17.18,12025464,32424,2070,100,12740369.28,12382916.64,12385602.18,0.02,Medium Demand,Overstocked,Summer
ORD100724,22-03-2025,March,Q1,2025,12,Central,Hyderabad,Electronics,Tablet,524,18000,2.96,9152812.8,60296,189,100,7748620.55,8450716.68,9889459.25,17.03,High Demand,Stockout Risk,Spring
ORD100725,20-12-2025,December,Q4,2025,51,West,Chennai,Fashion,Shoes,510,3000,11.7,1350990,31389,1307,100,1388509.94,1369749.97,1441192.5,5.22,High Demand,Overstocked,Winter
ORD100726,22-02-2024,February,Q1,2024,8,East,Delhi,Electronics,Printer,475,12000,16.97,4732710,80846,2370,100,5677408.83,5205059.42,4294477.35,17.49,Medium Demand,Overstocked,Spring
ORD100727,13-02-2025,February,Q1,2025,7,West,Jaipur,Office Supplies,Paper Ream,676,350,18.71,192332.14,68950,1049,100,208818.11,200575.12,193421.08,3.57,High Demand,Healthy Stock,Spring
ORD100728,08-03-2025,March,Q1,2025,10,Central,Pune,Office Supplies,Notebook,324,200,17.86,53226.72,59675,2038,100,45071.12,49148.92,54532.87,10.95,Medium Demand,Overstocked,Spring
ORD100729,23-10-2025,October,Q4,2025,43,East,Chennai,Fashion,Shoes,278,3000,3.84,801974.4,50068,1894,100,716035.82,759005.11,757016.09,0.26,Medium Demand,Overstocked,Festive
ORD100730,02-12-2025,December,Q4,2025,49,East,Lucknow,Fashion,Shoes,350,3000,14.46,898170,56166,1807,100,1017835.25,958002.62,929265.96,3,Medium Demand,Overstocked,Winter
ORD100731,03-01-2025,January,Q1,2025,1,West,Bangalore,Office Supplies,Notebook,339,200,13.81,58436.82,16297,2077,100,49767.05,54101.93,54924.58,1.52,Medium Demand,Overstocked,Winter
ORD100732,12-09-2025,September,Q3,2025,37,West,Mumbai,Fashion,T-Shirt,360,1200,4.69,411739.2,77984,292,100,493965.37,452852.29,400110.59,11.65,Medium Demand,Stockout Risk,Monsoon
ORD100733,24-09-2024,September,Q3,2024,39,East,Bangalore,Furniture,Bookshelf,82,10000,16.14,687652,49267,1863,100,581470.09,634561.04,650063.6,2.44,Low Demand,Overstocked,Monsoon
ORD100734,29-07-2025,July,Q3,2025,31,South,Chennai,Home Appliances,Refrigerator,413,35000,15.39,12230375.5,78010,1195,100,14169221.21,13199798.36,13094838.37,0.8,Medium Demand,Overstocked,Monsoon
ORD100735,11-06-2025,June,Q2,2025,24,Central,Mumbai,Electronics,Printer,518,12000,19.25,5019420,19539,533,100,5584912.67,5302166.33,5129501.75,3.26,High Demand,Healthy Stock,Summer
ORD100736,14-04-2024,April,Q2,2024,15,Central,Delhi,Office Supplies,Notebook,221,200,12.6,38630.8,31920,1581,100,33331.16,35980.98,37024.71,2.9,Medium Demand,Overstocked,Summer
ORD100737,28-03-2025,March,Q1,2025,13,Central,Chennai,Electronics,Mobile,422,25000,6.69,9844205,23058,603,100,11216861.62,10530533.31,9724319.24,7.66,Medium Demand,Healthy Stock,Spring
ORD100738,01-03-2025,March,Q1,2025,9,North,Hyderabad,Fashion,T-Shirt,343,1200,10.1,370028.4,16171,1189,100,351147.53,360587.97,388888.39,7.85,Medium Demand,Overstocked,Spring
ORD100739,04-01-2025,January,Q1,2025,1,South,Bangalore,Office Supplies,Pen Set,283,500,2.76,137594.6,61206,1793,100,160601.52,149098.06,148548.93,0.37,Medium Demand,Overstocked,Winter
ORD100740,12-06-2025,June,Q2,2025,24,East,Delhi,Fashion,Shoes,60,3000,14.35,154170,72809,385,100,128564.1,141367.05,148459.68,5.02,Low Demand,Overstocked,Summer
ORD100741,17-06-2024,June,Q2,2024,25,West,Delhi,Fashion,Shoes,204,3000,18.05,501534,12577,2229,100,596356.25,548945.12,493439.77,10.11,Medium Demand,Overstocked,Summer
ORD100742,28-11-2025,November,Q4,2025,48,Central,Ahmedabad,Home Appliances,Refrigerator,79,35000,18,2267300,85006,701,100,2448951.6,2358125.8,2242898.89,4.89,Low Demand,Overstocked,Festive
ORD100743,29-07-2024,July,Q3,2024,31,Central,Lucknow,Office Supplies,Paper Ream,502,350,13.95,151189.85,90033,1756,100,167844.94,159517.4,162709.75,2,High Demand,Overstocked,Monsoon
ORD100744,27-03-2024,March,Q1,2024,13,North,Jaipur,Home Appliances,Refrigerator,179,35000,10.41,5612813.5,75882,1262,100,4970111.59,5291462.54,5625915.61,6.32,Low Demand,Overstocked,Spring
ORD100745,15-11-2024,November,Q4,2024,46,Central,Pune,Furniture,Office Chair,107,8000,10.8,763552,38907,1088,100,865021.64,814286.82,733611.92,9.91,Low Demand,Overstocked,Festive
ORD100746,08-03-2025,March,Q1,2025,10,Central,Mumbai,Electronics,Tablet,315,18000,12.54,4958982,51461,607,100,4061868.18,4510425.09,5108705.98,13.26,Medium Demand,Overstocked,Spring
ORD100747,07-05-2024,May,Q2,2024,19,West,Ahmedabad,Office Supplies,Paper Ream,55,350,9.06,17505.95,35945,2482,100,17965.29,17735.62,18886.61,6.49,Low Demand,Overstocked,Summer
ORD100748,04-10-2025,October,Q4,2025,40,Central,Lucknow,Furniture,Desk,460,15000,15.7,5816700,98697,2446,100,6217898.28,6017299.14,6066063.07,0.81,Medium Demand,Overstocked,Festive
ORD100749,16-06-2025,June,Q2,2025,25,South,Mumbai,Home Appliances,Air Conditioner,793,45000,15.57,30128845.5,64547,501,100,25869268.53,27999057.02,29681083.45,6.01,High Demand,Stockout Risk,Summer
ORD100750,25-02-2025,February,Q1,2025,9,North,Mumbai,Electronics,Printer,183,12000,9.53,1986721.2,63479,419,100,1882850.82,1934786.01,1997153.71,3.22,Low Demand,Overstocked,Spring
ORD100751,25-08-2025,August,Q3,2025,35,Central,Jaipur,Fashion,T-Shirt,648,1200,9.98,699995.52,60498,1902,100,752920.18,726457.85,762689.92,4.99,High Demand,Overstocked,Monsoon
ORD100752,02-03-2025,March,Q1,2025,9,South,Bangalore,Office Supplies,Notebook,546,200,14.22,93671.76,21958,2202,100,107283.08,100477.42,86516.33,13.89,High Demand,Overstocked,Spring
ORD100753,05-08-2024,August,Q3,2024,32,West,Chennai,Electronics,Mobile,622,25000,7.39,14400855,20566,1773,100,12156258.03,13278556.52,14025240.28,5.62,High Demand,Overstocked,Monsoon
ORD100754,23-10-2024,October,Q4,2024,43,North,Jaipur,Furniture,Office Chair,557,8000,7.49,4122245.6,43532,2090,100,3343929,3733087.3,3827809.58,2.54,High Demand,Overstocked,Festive
ORD100755,26-08-2025,August,Q3,2025,35,West,Delhi,Home Appliances,Refrigerator,270,35000,3.66,9104130,69067,108,100,7728779.66,8416454.83,8828546.06,4.9,Medium Demand,Stockout Risk,Monsoon
ORD100756,15-02-2024,February,Q1,2024,7,West,Chennai,Office Supplies,Pen Set,629,500,9.05,286037.75,49279,1645,100,283203.41,284620.58,298625.33,4.92,High Demand,Overstocked,Spring
ORD100757,12-09-2025,September,Q3,2025,37,South,Bangalore,Office Supplies,Paper Ream,521,350,15.23,154578.1,92453,1939,100,132874.26,143726.18,161622.66,12.45,High Demand,Overstocked,Monsoon
ORD100758,01-04-2024,April,Q2,2024,14,Central,Lucknow,Fashion,T-Shirt,288,1200,18,283392,49433,2315,100,231907.58,257649.79,293052.48,13.74,Medium Demand,Overstocked,Summer
ORD100759,29-03-2025,March,Q1,2025,13,East,Mumbai,Furniture,Bookshelf,75,10000,11.44,664200,97720,1365,100,680418.26,672309.13,614223.15,8.64,Low Demand,Overstocked,Spring
ORD100760,26-07-2025,July,Q3,2025,30,North,Hyderabad,Office Supplies,Paper Ream,640,350,15.15,190064,79743,2237,100,166450.13,178257.07,189145.45,6.11,High Demand,Overstocked,Monsoon
ORD100761,20-01-2024,January,Q1,2024,3,North,Jaipur,Furniture,Office Chair,331,8000,15.74,2231204.8,37150,2473,100,2181430.61,2206317.71,2368165.53,7.34,Medium Demand,Overstocked,Winter
ORD100762,13-09-2025,September,Q3,2025,37,East,Kolkata,Office Supplies,Notebook,553,200,17.24,91532.56,8049,1492,100,89226.58,90379.57,89975.34,0.45,High Demand,Overstocked,Monsoon
ORD100763,24-06-2025,June,Q2,2025,26,East,Kolkata,Home Appliances,Microwave,167,9000,19.6,1208412,76012,788,100,1104658.58,1156535.29,1131718.66,2.15,Low Demand,Overstocked,Summer
ORD100764,01-04-2024,April,Q2,2024,14,South,Ahmedabad,Fashion,Jacket,223,4500,1.18,991658.7,47636,843,100,804104.78,897881.74,904095.59,0.69,Medium Demand,Overstocked,Summer
ORD100765,03-02-2025,February,Q1,2025,6,North,Pune,Furniture,Desk,381,15000,5.16,5420106,20855,312,100,4775242.29,5097674.14,5693424.32,11.69,Medium Demand,Stockout Risk,Spring
ORD100766,23-08-2025,August,Q3,2025,34,South,Chennai,Office Supplies,Paper Ream,444,350,18.99,125889.54,40296,348,100,116741.72,121315.63,127227.02,4.87,Medium Demand,Healthy Stock,Monsoon
ORD100767,08-03-2024,March,Q1,2024,10,West,Delhi,Fashion,Jacket,289,4500,18.27,1062898.65,7440,1202,100,1085889.26,1074393.96,1081217.22,0.64,Medium Demand,Overstocked,Spring
ORD100768,13-04-2024,April,Q2,2024,15,South,Jaipur,Furniture,Desk,631,15000,8.13,8695495.5,15998,2149,100,7664059.85,8179777.67,9509239.99,16.25,High Demand,Overstocked,Summer
ORD100769,17-01-2025,January,Q1,2025,3,Central,Bangalore,Furniture,Bookshelf,483,10000,19.23,3901191,77764,1950,100,3186168.35,3543679.67,4145127.57,16.97,Medium Demand,Overstocked,Winter
ORD100770,27-09-2025,September,Q3,2025,39,East,Bangalore,Electronics,Laptop,543,60000,5.47,30797874,37884,1657,100,36948109.27,33872991.64,32907150.62,2.85,High Demand,Overstocked,Monsoon
ORD100771,05-08-2024,August,Q3,2024,32,Central,Jaipur,Home Appliances,Microwave,215,9000,14.78,1649007,78804,386,100,1517507.5,1583257.25,1614478.41,1.97,Medium Demand,Overstocked,Monsoon
ORD100772,05-05-2024,May,Q2,2024,18,South,Jaipur,Home Appliances,Refrigerator,265,35000,12.21,8142522.5,46720,1503,100,8582772.02,8362647.26,8923618.96,6.71,Medium Demand,Overstocked,Summer
ORD100773,25-12-2025,December,Q4,2025,52,West,Ahmedabad,Furniture,Bookshelf,379,10000,6.83,3531143,65266,1445,100,2847336.62,3189239.81,3666629.47,14.97,Medium Demand,Overstocked,Winter
ORD100774,23-10-2025,October,Q4,2025,43,North,Lucknow,Fashion,Shoes,79,3000,8.26,217423.8,96290,2102,100,240250.28,228837.04,219081.94,4.26,Low Demand,Overstocked,Festive
ORD100775,26-10-2025,October,Q4,2025,43,North,Jaipur,Electronics,Printer,229,12000,16.26,2301175.2,83815,1566,100,2196932.92,2249054.06,2457261.98,9.26,Medium Demand,Overstocked,Festive
ORD100776,14-12-2025,December,Q4,2025,50,North,Mumbai,Fashion,T-Shirt,247,1200,8.89,270050.04,34035,181,100,297964.68,284007.36,279801.78,1.48,Medium Demand,Stockout Risk,Winter
ORD100777,27-12-2025,December,Q4,2025,52,East,Hyderabad,Electronics,Tablet,276,18000,4.69,4735000.8,69724,1586,100,3857692.36,4296346.58,4728218.27,10.05,Medium Demand,Overstocked,Winter
ORD100778,21-12-2025,December,Q4,2025,51,Central,Hyderabad,Electronics,Mobile,455,25000,2.22,11122475,41352,2431,100,11123923.76,11123199.38,10389452.95,6.6,Medium Demand,Overstocked,Winter
ORD100779,17-07-2024,July,Q3,2024,29,Central,Lucknow,Office Supplies,Notebook,116,200,11.76,20471.68,13526,621,100,18503.32,19487.5,20757.89,6.52,Low Demand,Overstocked,Monsoon
ORD100780,21-08-2024,August,Q3,2024,34,Central,Ahmedabad,Furniture,Bookshelf,73,10000,19.84,585168,95831,2282,100,611958.52,598563.26,606313.67,1.29,Low Demand,Overstocked,Monsoon
ORD100781,09-04-2025,April,Q2,2025,15,North,Kolkata,Electronics,Tablet,492,18000,16.89,7360221.6,58330,1222,100,6246524.97,6803373.29,7387153.05,8.58,Medium Demand,Overstocked,Summer
ORD100782,22-05-2025,May,Q2,2025,21,East,Jaipur,Electronics,Mobile,98,25000,5.56,2313780,60058,2280,100,2266450.7,2290115.35,2084789.49,8.97,Low Demand,Overstocked,Summer
ORD100783,18-07-2024,July,Q3,2024,29,East,Mumbai,Office Supplies,Notebook,281,200,19.56,45207.28,60550,404,100,52747.77,48977.52,42466.61,13.29,Medium Demand,Healthy Stock,Monsoon
ORD100784,03-12-2024,December,Q4,2024,49,East,Mumbai,Electronics,Laptop,541,60000,8.64,29655456,8148,1469,100,33694619.07,31675037.54,28155800.74,11.11,High Demand,Overstocked,Winter
ORD100785,29-04-2025,April,Q2,2025,18,South,Pune,Electronics,Tablet,582,18000,15.88,8812411.2,14556,1896,100,9743349.28,9277880.24,9033336.16,2.64,High Demand,Overstocked,Summer
ORD100786,15-08-2025,August,Q3,2025,33,North,Mumbai,Electronics,Laptop,436,60000,6.27,24519768,95880,366,100,27291936.09,25905852.05,22371847.28,13.64,Medium Demand,Stockout Risk,Monsoon
ORD100787,28-03-2025,March,Q1,2025,13,North,Ahmedabad,Office Supplies,Paper Ream,492,350,1.32,169926.96,93809,328,100,173954.78,171940.87,162957.13,5.22,Medium Demand,Stockout Risk,Spring
ORD100788,25-01-2025,January,Q1,2025,4,West,Mumbai,Office Supplies,Pen Set,288,500,17.29,119102.4,91471,143,100,116882.87,117992.63,118249.84,0.22,Medium Demand,Stockout Risk,Winter
ORD100789,14-03-2025,March,Q1,2025,11,Central,Lucknow,Electronics,Tablet,76,18000,9.08,1243785.6,48017,888,100,1048763.3,1146274.45,1122463.91,2.08,Low Demand,Overstocked,Spring
ORD100790,31-12-2025,December,Q4,2025,1,North,Lucknow,Furniture,Bookshelf,179,10000,12.75,1561775,38591,1555,100,1512427.29,1537101.15,1631937.13,6.17,Low Demand,Overstocked,Winter
ORD100791,31-03-2025,March,Q1,2025,14,South,Hyderabad,Furniture,Office Chair,111,8000,2.55,865356,81614,1885,100,869899.38,867627.69,891611.76,2.76,Low Demand,Overstocked,Spring
ORD100792,01-01-2025,January,Q1,2025,1,East,Lucknow,Office Supplies,Notebook,200,200,9.39,36244,84079,1504,100,33214.93,34729.46,39652.9,14.18,Medium Demand,Overstocked,Winter
ORD100793,14-06-2025,June,Q2,2025,24,Central,Bangalore,Electronics,Mobile,569,25000,16.38,11894945,78328,323,100,11524113.62,11709529.31,11170321.91,4.6,High Demand,Stockout Risk,Summer
ORD100794,24-07-2024,July,Q3,2024,30,South,Mumbai,Home Appliances,Microwave,537,9000,13.9,4161213,66263,1456,100,4747126.24,4454169.62,4216221.66,5.34,High Demand,Overstocked,Monsoon
ORD100795,09-12-2024,December,Q4,2024,50,Central,Ahmedabad,Fashion,T-Shirt,216,1200,2.1,253756.8,10530,2131,100,225275.73,239516.27,228568.75,4.57,Medium Demand,Overstocked,Winter
ORD100796,16-08-2024,August,Q3,2024,33,South,Chennai,Office Supplies,Notebook,294,200,9.61,53149.32,48452,1639,100,46884.43,50016.88,49792.88,0.45,Medium Demand,Overstocked,Monsoon
ORD100797,07-01-2024,January,Q1,2024,1,East,Delhi,Electronics,Tablet,80,18000,11.09,1280304,23664,1290,100,1249785.71,1265044.85,1313933.64,3.86,Low Demand,Overstocked,Winter
ORD100798,03-01-2025,January,Q1,2025,1,North,Delhi,Furniture,Office Chair,340,8000,3.48,2625344,39340,813,100,2457130.33,2541237.17,2653962.85,4.44,Medium Demand,Overstocked,Winter
ORD100799,01-07-2024,July,Q3,2024,27,South,Delhi,Furniture,Desk,153,15000,0.42,2285361,93795,662,100,2174678.92,2230019.96,2416729.99,8.37,Low Demand,Overstocked,Monsoon
ORD100800,23-04-2024,April,Q2,2024,17,East,Hyderabad,Home Appliances,Refrigerator,295,35000,7.39,9561982.5,53804,801,100,11249334.89,10405658.7,10474390.4,0.66,Medium Demand,Overstocked,Summer
ORD100801,30-09-2025,September,Q3,2025,40,West,Mumbai,Electronics,Mobile,183,25000,15.9,3847575,30124,2281,100,3660114.27,3753844.63,3750812.57,0.08,Low Demand,Overstocked,Monsoon
ORD100802,05-09-2025,September,Q3,2025,36,West,Hyderabad,Electronics,Mobile,598,25000,5.88,14070940,24472,1442,100,12647926.97,13359433.48,14435262.36,8.05,High Demand,Overstocked,Monsoon
ORD100803,13-10-2024,October,Q4,2024,41,South,Jaipur,Office Supplies,Pen Set,358,500,15.69,150914.9,91966,365,100,130839.21,140877.05,147537.9,4.73,Medium Demand,Healthy Stock,Festive
ORD100804,22-10-2025,October,Q4,2025,43,Central,Pune,Fashion,Jacket,670,4500,14.25,2585362.5,73875,2079,100,2808375.74,2696869.12,2582669.6,4.23,High Demand,Overstocked,Festive
ORD100805,01-10-2024,October,Q4,2024,40,Central,Kolkata,Office Supplies,Paper Ream,111,350,17.9,31895.85,64255,1060,100,30567.71,31231.78,30658.28,1.84,Low Demand,Overstocked,Festive
ORD100806,21-01-2025,January,Q1,2025,4,Central,Bangalore,Home Appliances,Refrigerator,613,35000,1.7,21090265,16013,1308,100,20622105.96,20856185.48,20464200.28,1.88,High Demand,Overstocked,Winter
ORD100807,20-08-2025,August,Q3,2025,34,North,Chennai,Office Supplies,Paper Ream,394,350,8.52,126150.92,66282,1871,100,121556.64,123853.78,133833.62,8.06,Medium Demand,Overstocked,Monsoon
ORD100808,20-11-2024,November,Q4,2024,47,East,Kolkata,Electronics,Mobile,645,25000,12.91,14043262.5,52067,437,100,12889006.43,13466134.46,14048219.55,4.32,High Demand,Stockout Risk,Festive
ORD100809,13-07-2025,July,Q3,2025,28,North,Ahmedabad,Furniture,Office Chair,171,8000,1.43,1348437.6,10017,2336,100,1186790.46,1267614.03,1266626.9,0.08,Low Demand,Overstocked,Monsoon
ORD100810,03-12-2024,December,Q4,2024,49,East,Ahmedabad,Home Appliances,Microwave,668,9000,19.96,4812004.8,98871,2324,100,5605759.49,5208882.14,4339017.33,16.7,High Demand,Overstocked,Winter
ORD100811,02-11-2024,November,Q4,2024,44,East,Pune,Fashion,T-Shirt,876,1200,0.24,1048677.12,90733,2199,100,1253913.56,1151295.34,1143370.33,0.69,High Demand,Overstocked,Festive
ORD100812,11-02-2025,February,Q1,2025,7,South,Hyderabad,Furniture,Desk,289,15000,10.32,3887628,77432,2019,100,4233642.99,4060635.5,3857616.4,5,Medium Demand,Overstocked,Spring
ORD100813,28-03-2024,March,Q1,2024,13,East,Hyderabad,Fashion,Jacket,477,4500,4.19,2056561.65,63978,2387,100,1670013.67,1863287.66,1908057.43,2.4,Medium Demand,Overstocked,Spring
ORD100814,11-05-2024,May,Q2,2024,19,East,Delhi,Fashion,Jacket,413,4500,6.8,1732122,59938,1843,100,1860827.54,1796474.77,1698646.57,5.45,Medium Demand,Overstocked,Summer
ORD100815,08-12-2025,December,Q4,2025,50,Central,Ahmedabad,Home Appliances,Air Conditioner,73,45000,11.35,2912152.5,9221,669,100,2508750.93,2710451.71,3175782.41,17.17,Low Demand,Overstocked,Winter
ORD100816,04-12-2024,December,Q4,2024,49,Central,Lucknow,Office Supplies,Paper Ream,450,350,19.6,126630,31765,1700,100,104531,115580.5,123753.82,7.07,Medium Demand,Overstocked,Winter
ORD100817,01-05-2025,May,Q2,2025,18,North,Pune,Office Supplies,Pen Set,361,500,1.86,177142.7,18672,2364,100,154300.93,165721.82,188709.23,13.87,Medium Demand,Overstocked,Summer
ORD100818,09-09-2025,September,Q3,2025,37,West,Delhi,Furniture,Office Chair,121,8000,18.23,791533.6,55579,1262,100,698415.15,744974.38,758464.2,1.81,Low Demand,Overstocked,Monsoon
ORD100819,20-06-2025,June,Q2,2025,25,North,Chennai,Electronics,Tablet,580,18000,0.22,10417032,47830,1782,100,9963288.06,10190160.03,11437057.61,12.24,High Demand,Overstocked,Summer
ORD100820,12-05-2024,May,Q2,2024,19,Central,Kolkata,Fashion,Jacket,120,4500,7.78,497988,32063,632,100,571779.68,534883.84,479040.27,10.44,Low Demand,Overstocked,Summer
ORD100821,27-12-2025,December,Q4,2025,52,West,Bangalore,Office Supplies,Paper Ream,367,350,11.75,113357.13,70860,1979,100,103174.98,108266.05,102190.17,5.61,Medium Demand,Overstocked,Winter
ORD100822,26-05-2024,May,Q2,2024,21,West,Mumbai,Fashion,Jacket,302,4500,10.52,1216033.2,79609,2110,100,1196676.17,1206354.69,1234549.19,2.34,Medium Demand,Overstocked,Summer
ORD100823,03-04-2024,April,Q2,2024,14,East,Chennai,Home Appliances,Air Conditioner,445,45000,16.47,16726882.5,27954,1800,100,15048405.53,15887644.02,18064914.74,13.7,Medium Demand,Overstocked,Summer
ORD100824,18-03-2025,March,Q1,2025,12,West,Kolkata,Furniture,Bookshelf,632,10000,1.91,6199288,96572,278,100,5553806.37,5876547.19,6658704.33,13.31,High Demand,Stockout Risk,Spring
ORD100825,07-10-2024,October,Q4,2024,41,Central,Ahmedabad,Electronics,Mobile,727,25000,15.24,15405130,20889,1610,100,12795708.25,14100419.12,14188816.61,0.63,High Demand,Overstocked,Festive
ORD100826,29-11-2024,November,Q4,2024,48,West,Chennai,Furniture,Desk,347,15000,9.24,4724058,14593,1991,100,4499486.8,4611772.4,4956441.44,7.47,Medium Demand,Overstocked,Festive
ORD100827,18-07-2024,July,Q3,2024,29,West,Delhi,Electronics,Tablet,167,18000,14.18,2579749.2,22888,1439,100,2755477.15,2667613.17,2561301.7,3.99,Low Demand,Overstocked,Monsoon
ORD100828,17-04-2025,April,Q2,2025,16,North,Mumbai,Office Supplies,Paper Ream,298,350,14.27,89416.39,62373,674,100,88371.57,88893.98,85466.72,3.86,Medium Demand,Overstocked,Summer
ORD100829,14-06-2024,June,Q2,2024,24,South,Delhi,Office Supplies,Notebook,231,200,5.88,43483.44,75078,1700,100,37716.72,40600.08,44973.98,10.77,Medium Demand,Overstocked,Summer
ORD100830,12-01-2024,January,Q1,2024,2,East,Bangalore,Fashion,T-Shirt,232,1200,4.33,266345.28,9514,2280,100,236106.19,251225.74,276825.56,10.19,Medium Demand,Overstocked,Winter
ORD100831,12-10-2025,October,Q4,2025,41,Central,Mumbai,Fashion,Jacket,480,4500,11.96,1901664,11378,1645,100,2104848.61,2003256.3,2064758.52,3.07,Medium Demand,Overstocked,Festive
ORD100832,18-01-2025,January,Q1,2025,3,South,Hyderabad,Electronics,Laptop,481,60000,0.56,28698384,6908,1480,100,32377821.6,30538102.8,29731293.51,2.64,Medium Demand,Overstocked,Winter
ORD100833,05-03-2024,March,Q1,2024,10,South,Mumbai,Furniture,Bookshelf,221,10000,0.88,2190552,72174,541,100,2467108.61,2328830.3,2112866.08,9.27,Medium Demand,Overstocked,Spring
ORD100834,03-10-2025,October,Q4,2025,40,South,Lucknow,Furniture,Bookshelf,631,10000,2.42,6157298,33020,533,100,5804057.08,5980677.54,5755376.13,3.77,High Demand,Stockout Risk,Festive
ORD100835,15-02-2025,February,Q1,2025,7,East,Delhi,Fashion,Shoes,519,3000,4.4,1488492,91240,1240,100,1577768.77,1533130.39,1449487.54,5.46,High Demand,Overstocked,Spring
ORD100836,09-03-2024,March,Q1,2024,10,South,Kolkata,Home Appliances,Air Conditioner,561,45000,19.66,20281833,18344,2296,100,22644745.83,21463289.41,21994527.96,2.48,High Demand,Overstocked,Spring
ORD100837,05-08-2025,August,Q3,2025,32,South,Ahmedabad,Electronics,Tablet,696,18000,13.93,10782849.6,93853,644,100,10058442.87,10420646.23,11074748.78,6.28,High Demand,Healthy Stock,Monsoon
ORD100838,05-12-2025,December,Q4,2025,49,East,Chennai,Electronics,Tablet,68,18000,12.17,1075039.2,81681,1938,100,1024457.06,1049748.13,1105267.57,5.29,Low Demand,Overstocked,Winter
ORD100839,26-08-2024,August,Q3,2024,35,Central,Lucknow,Electronics,Mobile,71,25000,12.33,1556142.5,21260,1365,100,1392060.55,1474101.52,1533889,4.06,Low Demand,Overstocked,Monsoon
ORD100840,06-09-2024,September,Q3,2024,36,Central,Mumbai,Electronics,Mobile,433,25000,9.97,9745747.5,31478,721,100,9261375.83,9503561.66,10022602.54,5.46,Medium Demand,Healthy Stock,Monsoon
ORD100841,31-08-2024,August,Q3,2024,35,Central,Chennai,Home Appliances,Microwave,334,9000,6.35,2815119,10191,2233,100,3143676.91,2979397.96,2767201.96,7.12,Medium Demand,Overstocked,Monsoon
ORD100842,22-10-2024,October,Q4,2024,43,North,Hyderabad,Home Appliances,Refrigerator,381,35000,1.08,13190982,92163,1117,100,14781560.15,13986271.07,13708802.04,1.98,Medium Demand,Overstocked,Festive
ORD100843,15-08-2024,August,Q3,2024,33,Central,Kolkata,Office Supplies,Pen Set,237,500,8.85,108012.75,5792,364,100,123992.88,116002.82,98723.33,14.9,Medium Demand,Healthy Stock,Monsoon
ORD100844,16-07-2024,July,Q3,2024,29,North,Bangalore,Furniture,Office Chair,143,8000,3.47,1104303.2,76938,937,100,987825.77,1046064.48,1011136.34,3.34,Low Demand,Overstocked,Monsoon
ORD100845,23-04-2025,April,Q2,2025,17,East,Bangalore,Furniture,Office Chair,484,8000,3.53,3735318.4,37632,1341,100,3414608.28,3574963.34,3696673.69,3.4,Medium Demand,Overstocked,Summer
ORD100846,12-10-2025,October,Q4,2025,41,South,Ahmedabad,Fashion,Shoes,547,3000,3.36,1585862.4,62852,1831,100,1589219.71,1587541.05,1660375.13,4.59,High Demand,Overstocked,Festive
ORD100847,08-06-2024,June,Q2,2024,23,West,Delhi,Fashion,T-Shirt,135,1200,15.18,137408.4,44351,2300,100,118325.05,127866.73,143637.07,12.33,Low Demand,Overstocked,Summer
ORD100848,20-09-2024,September,Q3,2024,38,West,Chennai,Home Appliances,Refrigerator,340,35000,7.5,11007500,84432,2069,100,9122750.28,10065125.14,10207598.95,1.42,Medium Demand,Overstocked,Monsoon
ORD100849,25-04-2025,April,Q2,2025,17,South,Bangalore,Furniture,Office Chair,63,8000,17.23,417160.8,54054,2112,100,401234.48,409197.64,410137.49,0.23,Low Demand,Overstocked,Summer
ORD100850,08-02-2025,February,Q1,2025,6,East,Kolkata,Fashion,T-Shirt,652,1200,1.42,771289.92,10089,609,100,735756.91,753523.42,781410.57,3.7,High Demand,Stockout Risk,Spring
ORD100851,17-07-2024,July,Q3,2024,29,West,Ahmedabad,Home Appliances,Air Conditioner,550,45000,12.7,21606750,53258,336,100,22910988.18,22258869.09,23449886.83,5.35,High Demand,Stockout Risk,Monsoon
ORD100852,09-09-2024,September,Q3,2024,37,South,Chennai,Electronics,Tablet,696,18000,14.13,10757793.6,8703,705,100,9730771.57,10244282.59,10661986.35,4.08,High Demand,Healthy Stock,Monsoon
ORD100853,28-11-2025,November,Q4,2025,48,South,Ahmedabad,Furniture,Bookshelf,894,10000,16.83,7435398,6617,578,100,8241312.42,7838355.21,7650128.41,2.4,High Demand,Stockout Risk,Festive
ORD100854,28-01-2025,January,Q1,2025,5,West,Lucknow,Electronics,Mobile,483,25000,3.32,11674110,60950,1135,100,12569919.56,12122014.78,11675620.21,3.68,Medium Demand,Overstocked,Winter
ORD100855,29-06-2025,June,Q2,2025,26,West,Lucknow,Home Appliances,Air Conditioner,618,45000,18.49,22667931,16648,547,100,23902700.79,23285315.89,23922334.02,2.74,High Demand,Healthy Stock,Summer
ORD100856,18-12-2024,December,Q4,2024,51,South,Ahmedabad,Furniture,Bookshelf,457,10000,13.98,3931114,5841,789,100,4428619.09,4179866.54,3539243.71,15.33,Medium Demand,Healthy Stock,Winter
ORD100857,12-03-2024,March,Q1,2024,11,West,Jaipur,Fashion,Jacket,345,4500,14.66,1324903.5,27365,822,100,1258473.57,1291688.54,1378972.07,6.76,Medium Demand,Overstocked,Spring
ORD100858,21-07-2024,July,Q3,2024,29,West,Bangalore,Office Supplies,Notebook,511,200,11.34,90610.52,32862,860,100,79771.36,85190.94,95139.52,11.68,High Demand,Overstocked,Monsoon
ORD100859,15-07-2024,July,Q3,2024,29,East,Kolkata,Fashion,Jacket,689,4500,2.18,3032909.1,88418,780,100,2523149.63,2778029.37,2781606.54,0.13,High Demand,Healthy Stock,Monsoon
ORD100860,07-05-2024,May,Q2,2024,19,East,Mumbai,Home Appliances,Microwave,649,9000,4.7,5566473,68595,512,100,4474345.64,5020409.32,5306051.96,5.69,High Demand,Stockout Risk,Summer
ORD100861,08-01-2024,January,Q1,2024,2,Central,Delhi,Electronics,Mobile,584,25000,15.84,12287360,54239,2230,100,14680430.71,13483895.36,12929654.64,4.11,High Demand,Overstocked,Winter
ORD100862,12-05-2025,May,Q2,2025,20,West,Pune,Office Supplies,Pen Set,394,500,7.42,182382.6,49967,1391,100,205497.57,193940.09,198468.42,2.33,Medium Demand,Overstocked,Summer
ORD100863,12-11-2025,November,Q4,2025,46,West,Kolkata,Office Supplies,Notebook,571,200,16.13,95779.54,5404,1971,100,109975.66,102877.6,93898.59,8.73,High Demand,Overstocked,Festive
ORD100864,22-05-2024,May,Q2,2024,21,North,Lucknow,Electronics,Tablet,304,18000,7.37,5068713.6,86048,2046,100,5098951.52,5083832.56,5231143.98,2.9,Medium Demand,Overstocked,Summer
ORD100865,04-01-2024,January,Q1,2024,1,East,Delhi,Home Appliances,Microwave,383,9000,13.56,2979586.8,35612,2084,100,2860600.21,2920093.5,3046682.53,4.34,Medium Demand,Overstocked,Winter
ORD100866,24-03-2024,March,Q1,2024,12,East,Kolkata,Fashion,Jacket,152,4500,14.69,583520.4,43517,899,100,632989.39,608254.9,626684.42,3.03,Low Demand,Overstocked,Spring
ORD100867,08-08-2025,August,Q3,2025,32,Central,Delhi,Furniture,Desk,139,15000,6.03,1959274.5,93219,2347,100,2341113.28,2150193.89,1946266.11,9.48,Low Demand,Overstocked,Monsoon
ORD100868,01-04-2025,April,Q2,2025,14,North,Chennai,Office Supplies,Notebook,299,200,4.23,57270.46,91474,466,100,48232.49,52751.47,62921.47,19.28,Medium Demand,Healthy Stock,Summer
ORD100869,30-01-2024,January,Q1,2024,5,South,Pune,Fashion,T-Shirt,275,1200,14.38,282546,92285,2050,100,333574.25,308060.12,292186.54,5.15,Medium Demand,Overstocked,Winter
ORD100870,12-11-2025,November,Q4,2025,46,South,Jaipur,Fashion,Shoes,538,3000,18.64,1313150.4,83732,364,100,1388780.79,1350965.59,1280849.61,5.19,High Demand,Stockout Risk,Festive
ORD100871,25-01-2025,January,Q1,2025,4,Central,Kolkata,Furniture,Office Chair,315,8000,2.31,2461788,16492,556,100,2057207.35,2259497.67,2580239.99,14.2,Medium Demand,Healthy Stock,Winter
ORD100872,11-07-2024,July,Q3,2024,28,North,Lucknow,Home Appliances,Microwave,370,9000,19.08,2694636,80617,106,100,2490704.78,2592670.39,2743171.67,5.8,Medium Demand,Stockout Risk,Monsoon
ORD100873,13-07-2024,July,Q3,2024,28,West,Kolkata,Home Appliances,Refrigerator,179,35000,10.4,5613440,83855,1009,100,4730077.47,5171758.73,5062411.84,2.11,Low Demand,Overstocked,Monsoon
ORD100874,16-04-2025,April,Q2,2025,16,East,Bangalore,Home Appliances,Microwave,561,9000,13.6,4362336,24323,1260,100,3744403.6,4053369.8,4506599.07,11.18,High Demand,Overstocked,Summer
ORD100875,20-12-2025,December,Q4,2025,51,North,Lucknow,Home Appliances,Refrigerator,564,35000,19.81,15829506,21182,1220,100,18975453.19,17402479.59,16483335.1,5.28,High Demand,Overstocked,Winter
ORD100876,04-05-2025,May,Q2,2025,18,South,Chennai,Home Appliances,Air Conditioner,525,45000,16.2,19797750,25014,962,100,22554150.73,21175950.37,21517908.82,1.61,High Demand,Overstocked,Summer
ORD100877,18-08-2024,August,Q3,2024,33,North,Bangalore,Fashion,Jacket,451,4500,5.98,1908135.9,91409,752,100,2282942.04,2095538.97,1926432.22,8.07,Medium Demand,Healthy Stock,Monsoon
ORD100878,11-12-2024,December,Q4,2024,50,West,Chennai,Home Appliances,Refrigerator,450,35000,1.44,15523200,42098,1256,100,16742555.53,16132877.77,14576570.98,9.65,Medium Demand,Overstocked,Winter
ORD100879,15-07-2025,July,Q3,2025,29,West,Mumbai,Furniture,Desk,644,15000,17.32,7986888,12094,1345,100,7851214.73,7919051.37,7449681.08,5.93,High Demand,Overstocked,Monsoon
ORD100880,20-05-2024,May,Q2,2024,21,West,Chennai,Home Appliances,Microwave,264,9000,4.36,2272406.4,30644,137,100,2147174.79,2209790.59,2434265.95,10.16,Medium Demand,Stockout Risk,Summer
ORD100881,14-04-2024,April,Q2,2024,15,South,Kolkata,Fashion,Jacket,222,4500,18.52,813985.2,17589,1556,100,968368.49,891176.84,761830.38,14.51,Medium Demand,Overstocked,Summer
ORD100882,23-02-2024,February,Q1,2024,8,North,Jaipur,Home Appliances,Air Conditioner,494,45000,19.39,17919603,87178,1754,100,16091810.69,17005706.84,16553421.58,2.66,Medium Demand,Overstocked,Spring
ORD100883,10-02-2025,February,Q1,2025,7,West,Ahmedabad,Office Supplies,Notebook,434,200,15.52,73328.64,92914,467,100,81474.89,77401.76,78680.1,1.65,Medium Demand,Healthy Stock,Spring
ORD100884,27-10-2025,October,Q4,2025,44,West,Ahmedabad,Fashion,T-Shirt,77,1200,1.65,90875.4,69122,2187,100,80876.74,85876.07,92453.91,7.66,Low Demand,Overstocked,Festive
ORD100885,09-08-2025,August,Q3,2025,32,West,Ahmedabad,Electronics,Mobile,443,25000,9.68,10002940,89488,1876,100,9196156.26,9599548.13,9253192.51,3.61,Medium Demand,Overstocked,Monsoon
ORD100886,29-11-2024,November,Q4,2024,48,North,Jaipur,Furniture,Desk,91,15000,16.35,1141822.5,74479,2101,100,942657.44,1042239.97,1218814.21,16.94,Low Demand,Overstocked,Festive
ORD100887,05-07-2025,July,Q3,2025,27,North,Hyderabad,Electronics,Mobile,663,25000,13.9,14271075,5697,2372,100,13969857.58,14120466.29,13741036.09,2.69,High Demand,Overstocked,Monsoon
ORD100888,10-02-2024,February,Q1,2024,6,South,Lucknow,Furniture,Bookshelf,215,10000,1.76,2112160,38654,243,100,1761212.22,1936686.11,1953628.5,0.87,Medium Demand,Healthy Stock,Spring
ORD100889,01-11-2024,November,Q4,2024,44,East,Jaipur,Furniture,Desk,64,15000,0.92,951168,73084,1301,100,1011722.24,981445.12,940689.99,4.15,Low Demand,Overstocked,Festive
ORD100890,13-08-2025,August,Q3,2025,33,West,Pune,Office Supplies,Pen Set,670,500,10.76,298954,32504,505,100,318400,308677,271733.37,11.97,High Demand,Stockout Risk,Monsoon
ORD100891,07-02-2024,February,Q1,2024,6,South,Bangalore,Home Appliances,Microwave,187,9000,12.04,1480366.8,33316,1570,100,1348552.41,1414459.6,1548198.51,9.46,Low Demand,Overstocked,Spring
ORD100892,08-03-2025,March,Q1,2025,10,North,Jaipur,Home Appliances,Refrigerator,440,35000,13,13398000,26406,1738,100,13162558.28,13280279.14,14589726.6,9.86,Medium Demand,Overstocked,Spring
ORD100893,23-11-2025,November,Q4,2025,47,West,Bangalore,Office Supplies,Notebook,164,200,5.39,31032.08,87984,889,100,33693.95,32363.01,31427.07,2.89,Low Demand,Overstocked,Festive
ORD100894,25-10-2025,October,Q4,2025,43,Central,Lucknow,Furniture,Desk,268,15000,15.76,3386448,54668,206,100,4014996.73,3700722.37,3215430.81,13.11,Medium Demand,Stockout Risk,Festive
ORD100895,03-10-2024,October,Q4,2024,40,North,Jaipur,Electronics,Printer,152,12000,1.78,1791532.8,48714,1219,100,1538087.97,1664810.39,1898343.04,14.03,Low Demand,Overstocked,Festive
ORD100896,07-10-2024,October,Q4,2024,41,North,Mumbai,Fashion,Shoes,608,3000,15.65,1538544,21187,819,100,1554837.6,1546690.8,1654092.32,6.94,High Demand,Healthy Stock,Festive
ORD100897,25-08-2025,August,Q3,2025,35,West,Mumbai,Office Supplies,Pen Set,635,500,17.31,262540.75,77291,1210,100,273826.53,268183.64,283363.92,5.66,High Demand,Overstocked,Monsoon
ORD100898,23-06-2024,June,Q2,2024,25,East,Kolkata,Furniture,Desk,594,15000,11.03,7927227,57776,2053,100,8219932.32,8073579.66,7545231.42,6.54,High Demand,Overstocked,Summer
ORD100899,04-12-2025,December,Q4,2025,49,Central,Bangalore,Furniture,Office Chair,437,8000,11.35,3099204,40044,316,100,3617938.41,3358571.21,3185481.8,5.15,Medium Demand,Stockout Risk,Winter
ORD100900,14-01-2025,January,Q1,2025,3,South,Lucknow,Fashion,Jacket,605,4500,19.72,2185623,66428,2157,100,1999250.26,2092436.63,2383472.73,13.91,High Demand,Overstocked,Winter
ORD100901,17-06-2025,June,Q2,2025,25,South,Ahmedabad,Electronics,Tablet,466,18000,15.41,7095409.2,16814,425,100,5893995.25,6494702.22,6726500.06,3.57,Medium Demand,Healthy Stock,Summer
ORD100902,05-04-2024,April,Q2,2024,14,South,Lucknow,Electronics,Laptop,342,60000,11.08,18246384,69598,143,100,21619529.74,19932956.87,17968979.2,9.85,Medium Demand,Stockout Risk,Summer
ORD100903,04-06-2025,June,Q2,2025,23,South,Chennai,Fashion,Jacket,595,4500,13.96,2303721,58145,156,100,2410877.76,2357299.38,2493034.53,5.76,High Demand,Stockout Risk,Summer
ORD100904,08-01-2024,January,Q1,2024,2,West,Jaipur,Home Appliances,Microwave,590,9000,13.68,4583592,10551,1937,100,5435493.61,5009542.8,4743579.68,5.31,High Demand,Overstocked,Winter
ORD100905,20-06-2025,June,Q2,2025,25,South,Bangalore,Electronics,Tablet,186,18000,10.27,3004160.4,11672,1831,100,2998762.36,3001461.38,2806176.59,6.51,Low Demand,Overstocked,Summer
ORD100906,25-04-2024,April,Q2,2024,17,East,Hyderabad,Office Supplies,Notebook,347,200,5.98,65249.88,43475,1184,100,57760.91,61505.4,68356.11,11.14,Medium Demand,Overstocked,Summer
ORD100907,05-08-2025,August,Q3,2025,32,West,Hyderabad,Home Appliances,Air Conditioner,577,45000,16.51,21678178.5,9643,1996,100,25081599.7,23379889.1,23188504.91,0.82,High Demand,Overstocked,Monsoon
ORD100908,28-02-2024,February,Q1,2024,9,East,Delhi,Office Supplies,Pen Set,386,500,5.97,181477.9,19046,121,100,170569.02,176023.46,189551.26,7.69,Medium Demand,Stockout Risk,Spring
ORD100909,15-02-2025,February,Q1,2025,7,East,Delhi,Electronics,Printer,553,12000,3.95,6373878,74349,2206,100,7389899.54,6881888.77,6260064.83,9.04,High Demand,Overstocked,Spring
ORD100910,14-05-2025,May,Q2,2025,20,North,Bangalore,Home Appliances,Microwave,531,9000,7.91,4400981.1,44227,1592,100,4274833.97,4337907.54,4121238.93,4.99,High Demand,Overstocked,Summer
ORD100911,02-10-2024,October,Q4,2024,40,North,Chennai,Fashion,Shoes,251,3000,8.68,687639.6,52085,912,100,580550.91,634095.26,658057.31,3.78,Medium Demand,Overstocked,Festive
ORD100912,16-05-2024,May,Q2,2024,20,West,Kolkata,Home Appliances,Microwave,214,9000,13.32,1669456.8,67822,1188,100,1414892.89,1542174.84,1665806.64,8.02,Medium Demand,Overstocked,Summer
ORD100913,22-05-2025,May,Q2,2025,21,South,Pune,Fashion,Jacket,448,4500,2.63,1962979.2,19139,186,100,1669414.54,1816196.87,1901781.58,4.71,Medium Demand,Stockout Risk,Summer
ORD100914,14-01-2024,January,Q1,2024,2,South,Delhi,Home Appliances,Refrigerator,661,35000,14.75,19722587.5,61928,2066,100,18061682.37,18892134.94,19667085.16,4.1,High Demand,Overstocked,Winter
ORD100915,15-03-2025,March,Q1,2025,11,South,Lucknow,Furniture,Bookshelf,573,10000,3.74,5515698,41849,571,100,6319151.65,5917424.83,6060932.54,2.43,High Demand,Stockout Risk,Spring
ORD100916,10-09-2024,September,Q3,2024,37,West,Hyderabad,Fashion,Jacket,155,4500,14.02,599710.5,70841,842,100,525027.11,562368.8,642274.58,14.21,Low Demand,Overstocked,Monsoon
ORD100917,06-10-2025,October,Q4,2025,41,South,Hyderabad,Electronics,Mobile,577,25000,19.81,11567407.5,24163,1846,100,9335644.39,10451525.95,10872538.28,4.03,High Demand,Overstocked,Festive
ORD100918,22-02-2024,February,Q1,2024,8,West,Kolkata,Office Supplies,Pen Set,698,500,19.6,280596,34068,1476,100,272298.87,276447.43,255979.3,7.4,High Demand,Overstocked,Spring
ORD100919,13-03-2025,March,Q1,2025,11,North,Ahmedabad,Electronics,Tablet,422,18000,5.61,7169864.4,51009,1812,100,6444184.17,6807024.29,7736436.02,13.65,Medium Demand,Overstocked,Spring
ORD100920,05-07-2024,July,Q3,2024,27,North,Delhi,Electronics,Tablet,267,18000,5.71,4531577.4,41721,512,100,4406338.24,4468957.82,4307049.56,3.62,Medium Demand,Overstocked,Monsoon
ORD100921,18-05-2025,May,Q2,2025,20,East,Pune,Home Appliances,Microwave,149,9000,13.38,1161574.2,94517,2360,100,1287239.64,1224406.92,1075689.28,12.15,Low Demand,Overstocked,Summer
ORD100922,04-01-2025,January,Q1,2025,1,East,Lucknow,Office Supplies,Paper Ream,430,350,4.77,143321.15,41168,960,100,148155.5,145738.33,131489.45,9.78,Medium Demand,Overstocked,Winter
ORD100923,18-04-2024,April,Q2,2024,16,South,Lucknow,Electronics,Laptop,650,60000,19.37,31445700,90767,880,100,27583256.21,29514478.11,31104638.69,5.39,High Demand,Healthy Stock,Summer
ORD100924,11-04-2024,April,Q2,2024,15,North,Jaipur,Office Supplies,Pen Set,358,500,14.51,153027.1,31476,2285,100,166540.58,159783.84,139065.25,12.97,Medium Demand,Overstocked,Summer
ORD100925,15-07-2024,July,Q3,2024,29,West,Jaipur,Home Appliances,Air Conditioner,405,45000,17.9,14962725,63783,580,100,17421694.32,16192209.66,13669073.22,15.58,Medium Demand,Healthy Stock,Monsoon
ORD100926,05-03-2025,March,Q1,2025,10,Central,Jaipur,Electronics,Mobile,663,25000,5.48,15666690,21899,1286,100,12818142.51,14242416.25,15874037.92,11.46,High Demand,Overstocked,Spring
ORD100927,11-12-2025,December,Q4,2025,50,South,Kolkata,Fashion,Jacket,736,4500,19.43,2668478.4,26694,1893,100,2936103.08,2802290.74,2606649.98,6.98,High Demand,Overstocked,Winter
ORD100928,03-02-2025,February,Q1,2025,6,West,Lucknow,Home Appliances,Microwave,238,9000,0.07,2140500.6,79959,992,100,2219367.56,2179934.08,1930244.07,11.45,Medium Demand,Overstocked,Spring
ORD100929,09-06-2025,June,Q2,2025,24,West,Jaipur,Office Supplies,Pen Set,360,500,17.05,149310,43844,1199,100,152424.66,150867.33,139488.66,7.54,Medium Demand,Overstocked,Summer
ORD100930,16-02-2024,February,Q1,2024,7,Central,Hyderabad,Home Appliances,Microwave,201,9000,18.84,1468184.4,41406,644,100,1333366.81,1400775.6,1553521.54,10.9,Medium Demand,Overstocked,Spring
ORD100931,19-10-2025,October,Q4,2025,42,South,Hyderabad,Office Supplies,Notebook,68,200,12.65,11879.6,53380,1429,100,9899.25,10889.42,12367.76,13.58,Low Demand,Overstocked,Festive
ORD100932,16-07-2025,July,Q3,2025,29,East,Bangalore,Fashion,Jacket,351,4500,6.49,1476990.45,12505,142,100,1668368.11,1572679.28,1394066.18,11.36,Medium Demand,Stockout Risk,Monsoon
ORD100933,13-10-2024,October,Q4,2024,41,South,Ahmedabad,Electronics,Laptop,613,60000,5.15,34885830,87081,2356,100,30785475.26,32835652.63,34482444.38,5.02,High Demand,Overstocked,Festive
ORD100934,28-11-2024,November,Q4,2024,48,East,Hyderabad,Office Supplies,Paper Ream,578,350,4.63,192933.51,61872,1609,100,165794.26,179363.89,192123.46,7.11,High Demand,Overstocked,Festive
ORD100935,22-05-2025,May,Q2,2025,21,South,Chennai,Furniture,Office Chair,243,8000,11.39,1722578.4,28646,1255,100,1392564.97,1557571.69,1606448.59,3.14,Medium Demand,Overstocked,Summer
ORD100936,30-06-2024,June,Q2,2024,26,West,Lucknow,Furniture,Office Chair,196,8000,1.44,1545420.8,37145,1963,100,1798332.66,1671876.73,1690809.5,1.13,Low Demand,Overstocked,Summer
ORD100937,12-04-2024,April,Q2,2024,15,Central,Bangalore,Electronics,Laptop,436,60000,7.68,24150912,19422,155,100,26695894.11,25423403.05,24848786.96,2.26,Medium Demand,Stockout Risk,Summer
ORD100938,14-02-2024,February,Q1,2024,7,South,Hyderabad,Electronics,Tablet,196,18000,18.77,2865794.4,83595,155,100,3200978.21,3033386.3,2584600.46,14.79,Low Demand,Stockout Risk,Spring
ORD100939,18-04-2024,April,Q2,2024,16,Central,Pune,Electronics,Mobile,192,25000,9.61,4338720,78774,1919,100,4886205.59,4612462.79,4171579.48,9.56,Low Demand,Overstocked,Summer
ORD100940,05-05-2025,May,Q2,2025,19,South,Hyderabad,Electronics,Tablet,692,18000,10.87,11102032.8,7779,282,100,9338209.83,10220121.32,10650709.61,4.21,High Demand,Stockout Risk,Summer
ORD100941,07-06-2025,June,Q2,2025,23,West,Bangalore,Electronics,Mobile,74,25000,4.53,1766195,55512,703,100,1662561.68,1714378.34,1690900.77,1.37,Low Demand,Overstocked,Summer
ORD100942,01-12-2025,December,Q4,2025,49,West,Mumbai,Fashion,Shoes,162,3000,4.49,464178.6,41937,1563,100,385507.74,424843.17,448742.32,5.63,Low Demand,Overstocked,Winter
ORD100943,04-01-2025,January,Q1,2025,1,North,Delhi,Office Supplies,Notebook,232,200,8.57,42423.52,48888,842,100,45468.4,43945.96,39455.74,10.22,Medium Demand,Overstocked,Winter
ORD100944,14-11-2025,November,Q4,2025,46,East,Lucknow,Home Appliances,Refrigerator,201,35000,9.99,6332203.5,53380,1187,100,7119218.93,6725711.21,6599810.88,1.87,Medium Demand,Overstocked,Festive
ORD100945,19-03-2024,March,Q1,2024,12,North,Bangalore,Furniture,Desk,201,15000,7.81,2779528.5,99547,2059,100,3129359.69,2954444.09,2564484.18,13.2,Medium Demand,Overstocked,Spring
ORD100946,13-03-2025,March,Q1,2025,11,East,Bangalore,Electronics,Tablet,180,18000,3.64,3122064,55465,1544,100,2896420.92,3009242.46,3074503.77,2.17,Low Demand,Overstocked,Spring
ORD100947,11-12-2025,December,Q4,2025,50,West,Lucknow,Home Appliances,Microwave,301,9000,7.66,2501490.6,77002,2136,100,2540260.94,2520875.77,2497789.1,0.92,Medium Demand,Overstocked,Winter
ORD100948,03-07-2025,July,Q3,2025,27,South,Kolkata,Electronics,Printer,589,12000,11.56,6250939.2,95898,998,100,6758748.78,6504843.99,5919880.79,8.99,High Demand,Healthy Stock,Monsoon
ORD100949,03-01-2024,January,Q1,2024,1,South,Delhi,Home Appliances,Air Conditioner,535,45000,19.15,19464637.5,19438,344,100,22667441.82,21066039.66,18922969.87,10.17,High Demand,Stockout Risk,Winter
ORD100950,22-05-2024,May,Q2,2024,21,East,Chennai,Furniture,Bookshelf,481,10000,4.85,4576715,34437,328,100,5028885.95,4802800.47,4226354.48,12,Medium Demand,Stockout Risk,Summer
ORD100951,13-12-2025,December,Q4,2025,50,South,Kolkata,Electronics,Printer,430,12000,1.08,5104272,18894,2482,100,4234035.06,4669153.53,5448746.24,16.7,Medium Demand,Overstocked,Winter
ORD100952,10-06-2024,June,Q2,2024,24,North,Bangalore,Home Appliances,Microwave,130,9000,4.9,1112670,6635,2431,100,1260017.77,1186343.89,1094087.27,7.78,Low Demand,Overstocked,Summer
ORD100953,05-07-2024,July,Q3,2024,27,West,Bangalore,Office Supplies,Paper Ream,356,350,9.4,112887.6,99707,1481,100,110357.73,111622.67,116157.89,4.06,Medium Demand,Overstocked,Monsoon
ORD100954,14-01-2024,January,Q1,2024,2,East,Mumbai,Furniture,Office Chair,82,8000,12.08,576755.2,27751,2161,100,498396.96,537576.08,564803.76,5.06,Low Demand,Overstocked,Winter
ORD100955,09-03-2025,March,Q1,2025,10,West,Jaipur,Home Appliances,Air Conditioner,563,45000,6.12,23784498,34794,1835,100,27889228.89,25836863.45,22699104.84,12.14,High Demand,Overstocked,Spring
ORD100956,04-04-2024,April,Q2,2024,14,Central,Kolkata,Furniture,Bookshelf,266,10000,8.01,2446934,12339,996,100,2341511.23,2394222.62,2604763.67,8.79,Medium Demand,Overstocked,Summer
ORD100957,26-07-2025,July,Q3,2025,30,Central,Mumbai,Fashion,T-Shirt,370,1200,13.05,386058,58097,1658,100,334299.11,360178.55,409479.31,13.69,Medium Demand,Overstocked,Monsoon
ORD100958,24-10-2025,October,Q4,2025,43,West,Hyderabad,Home Appliances,Microwave,196,9000,12.06,1551261.6,48970,214,100,1389638.71,1470450.16,1446632.23,1.62,Low Demand,Healthy Stock,Festive
ORD100959,19-04-2024,April,Q2,2024,16,North,Hyderabad,Office Supplies,Notebook,366,200,3.75,70455,31440,232,100,63137.13,66796.07,64607.79,3.28,Medium Demand,Stockout Risk,Summer
ORD100960,06-08-2025,August,Q3,2025,32,Central,Delhi,Office Supplies,Pen Set,96,500,0.96,47539.2,17217,1364,100,38192.59,42865.89,46176.24,7.72,Low Demand,Overstocked,Monsoon
ORD100961,16-10-2024,October,Q4,2024,42,West,Jaipur,Furniture,Desk,611,15000,19.48,7379658,97098,498,100,6881732.37,7130695.19,7964881.38,11.7,High Demand,Healthy Stock,Festive
ORD100962,30-05-2025,May,Q2,2025,22,North,Jaipur,Furniture,Office Chair,651,8000,15.92,4378886.4,67515,253,100,4011269.04,4195077.72,4073711.13,2.89,High Demand,Stockout Risk,Summer
ORD100963,19-04-2025,April,Q2,2025,16,North,Mumbai,Furniture,Office Chair,194,8000,15.38,1313302.4,26108,2154,100,1321865.55,1317583.98,1373378.27,4.23,Low Demand,Overstocked,Summer
ORD100964,29-10-2025,October,Q4,2025,44,Central,Pune,Fashion,Shoes,513,3000,12.47,1347086.7,61479,263,100,1557598.6,1452342.65,1420954.2,2.16,High Demand,Stockout Risk,Festive
ORD100965,31-01-2025,January,Q1,2025,5,South,Hyderabad,Office Supplies,Paper Ream,126,350,19.16,35650.44,79304,2137,100,29909.38,32779.91,32191.93,1.79,Low Demand,Overstocked,Winter
ORD100966,12-11-2024,November,Q4,2024,46,Central,Mumbai,Fashion,Shoes,667,3000,18.68,1627213.2,26164,379,100,1484094.8,1555654,1582734.39,1.74,High Demand,Stockout Risk,Festive
ORD100967,01-04-2024,April,Q2,2024,14,North,Bangalore,Fashion,T-Shirt,534,1200,19.57,515395.44,62939,675,100,606069.88,560732.66,564015.85,0.59,High Demand,Healthy Stock,Summer
ORD100968,14-05-2025,May,Q2,2025,20,North,Pune,Home Appliances,Refrigerator,468,35000,17.14,13572468,94205,628,100,13251222.22,13411845.11,13606342.85,1.45,Medium Demand,Healthy Stock,Summer
ORD100969,01-10-2025,October,Q4,2025,40,East,Pune,Electronics,Printer,748,12000,17.55,7400712,94463,274,100,7757762.97,7579237.48,7613655.33,0.45,High Demand,Stockout Risk,Festive
ORD100970,07-09-2024,September,Q3,2024,36,Central,Delhi,Furniture,Office Chair,347,8000,7.52,2567244.8,79728,1735,100,2930591.26,2748918.03,2425045.77,11.78,Medium Demand,Overstocked,Monsoon
ORD100971,18-04-2025,April,Q2,2025,16,North,Pune,Fashion,T-Shirt,597,1200,18,587448,65929,546,100,490124.91,538786.45,614679.52,14.09,High Demand,Healthy Stock,Summer
ORD100972,10-02-2025,February,Q1,2025,7,West,Hyderabad,Fashion,T-Shirt,116,1200,6.35,130360.8,84215,2091,100,115376.36,122868.58,136651.61,11.22,Low Demand,Overstocked,Spring
ORD100973,27-04-2024,April,Q2,2024,17,East,Chennai,Electronics,Mobile,531,25000,2.91,12888697.5,32979,1411,100,13240335.05,13064516.28,14146146.52,8.28,High Demand,Overstocked,Summer
ORD100974,24-01-2025,January,Q1,2025,4,North,Pune,Fashion,T-Shirt,268,1200,1.08,318126.72,8007,1832,100,288839.73,303483.22,326759.87,7.67,Medium Demand,Overstocked,Winter
ORD100975,26-03-2024,March,Q1,2024,13,South,Mumbai,Home Appliances,Refrigerator,133,35000,5.97,4377096.5,98350,1949,100,5027163.84,4702130.17,4398787.59,6.45,Low Demand,Overstocked,Spring
ORD100976,16-11-2025,November,Q4,2025,46,East,Bangalore,Electronics,Laptop,635,60000,15.06,32362140,26565,913,100,30411042.88,31386591.44,31838527.55,1.44,High Demand,Healthy Stock,Festive
ORD100977,01-05-2025,May,Q2,2025,18,Central,Bangalore,Fashion,T-Shirt,634,1200,7.78,701609.76,6301,2397,100,781052.3,741331.03,715239.04,3.52,High Demand,Overstocked,Summer
ORD100978,20-03-2024,March,Q1,2024,12,Central,Lucknow,Furniture,Desk,374,15000,0.28,5594292,65117,704,100,5593051.56,5593671.78,5388878.37,3.66,Medium Demand,Healthy Stock,Spring
ORD100979,21-11-2025,November,Q4,2025,47,West,Ahmedabad,Office Supplies,Paper Ream,74,350,18.87,21012.67,21478,1940,100,22180.27,21596.47,21342.05,1.18,Low Demand,Overstocked,Festive
ORD100980,07-02-2024,February,Q1,2024,6,South,Hyderabad,Fashion,Jacket,609,4500,15.49,2315996.55,83766,1646,100,2053026.52,2184511.54,2181559.01,0.14,High Demand,Overstocked,Spring
ORD100981,14-07-2024,July,Q3,2024,28,Central,Delhi,Home Appliances,Refrigerator,66,35000,6.04,2170476,45234,2156,100,2447473.47,2308974.74,2007579.76,13.05,Low Demand,Overstocked,Monsoon
ORD100982,26-05-2025,May,Q2,2025,22,West,Kolkata,Fashion,T-Shirt,410,1200,16.56,410524.8,60816,2242,100,488371.82,449448.31,397045.35,11.66,Medium Demand,Overstocked,Summer
ORD100983,29-06-2024,June,Q2,2024,26,West,Kolkata,Home Appliances,Microwave,616,9000,11.9,4884264,76141,1885,100,4652873.6,4768568.8,5221367.7,9.5,High Demand,Overstocked,Summer
ORD100984,06-12-2025,December,Q4,2025,49,West,Ahmedabad,Office Supplies,Notebook,139,200,16.12,23318.64,18606,467,100,24714.26,24016.45,23860.85,0.65,Low Demand,Overstocked,Winter
ORD100985,25-02-2025,February,Q1,2025,9,North,Chennai,Office Supplies,Paper Ream,152,350,12.67,46459.56,70976,2480,100,52143.81,49301.68,48017.91,2.6,Low Demand,Overstocked,Spring
ORD100986,06-03-2025,March,Q1,2025,10,South,Hyderabad,Fashion,Jacket,440,4500,2.29,1934658,66548,609,100,1819053.43,1876855.71,2048319.63,9.14,Medium Demand,Healthy Stock,Spring
ORD100987,20-04-2025,April,Q2,2025,16,West,Kolkata,Electronics,Tablet,279,18000,10.15,4512267,40076,1183,100,4164635.97,4338451.49,4875660.68,12.38,Medium Demand,Overstocked,Summer
ORD100988,28-02-2025,February,Q1,2025,9,South,Delhi,Fashion,Shoes,65,3000,0.52,193986,54074,2225,100,218818.88,206402.44,197863.61,4.14,Low Demand,Overstocked,Spring
ORD100989,09-12-2024,December,Q4,2024,50,South,Lucknow,Fashion,Shoes,619,3000,19.47,1495442.1,30252,1711,100,1691973.04,1593707.57,1585566.91,0.51,High Demand,Overstocked,Winter
ORD100990,14-08-2025,August,Q3,2025,33,West,Bangalore,Fashion,Jacket,227,4500,8.06,939167.1,46697,2218,100,810855.71,875011.41,888634.18,1.56,Medium Demand,Overstocked,Monsoon
ORD100991,28-12-2025,December,Q4,2025,52,South,Jaipur,Electronics,Printer,692,12000,18.33,6781876.8,77470,751,100,7999088.87,7390482.83,6380067.66,13.67,High Demand,Healthy Stock,Winter
ORD100992,05-04-2024,April,Q2,2024,14,North,Kolkata,Electronics,Mobile,78,25000,12.36,1708980,76260,422,100,1758057.69,1733518.84,1546725.98,10.78,Low Demand,Overstocked,Summer
ORD100993,13-05-2024,May,Q2,2024,20,West,Pune,Furniture,Office Chair,277,8000,5.94,2084369.6,75178,1104,100,2273057.26,2178713.43,2212390.5,1.55,Medium Demand,Overstocked,Summer
ORD100994,22-01-2025,January,Q1,2025,4,East,Delhi,Home Appliances,Microwave,197,9000,12.55,1550488.5,88674,2473,100,1778062.41,1664275.46,1429839.26,14.09,Low Demand,Overstocked,Winter
ORD100995,02-09-2025,September,Q3,2025,36,North,Mumbai,Furniture,Desk,318,15000,17.89,3916647,17160,416,100,3907630.96,3912138.98,3808075.44,2.66,Medium Demand,Healthy Stock,Monsoon
ORD100996,31-07-2024,July,Q3,2024,31,West,Mumbai,Fashion,Shoes,473,3000,1.47,1398140.7,87009,412,100,1236121.9,1317131.3,1375744.48,4.45,Medium Demand,Stockout Risk,Monsoon
ORD100997,17-11-2024,November,Q4,2024,46,West,Bangalore,Furniture,Desk,83,15000,13.19,1080784.5,87734,228,100,915297.86,998041.18,1046806.89,4.89,Low Demand,Overstocked,Festive
ORD100998,21-12-2024,December,Q4,2024,51,West,Lucknow,Office Supplies,Paper Ream,55,350,3.17,18639.78,38357,598,100,16349.66,17494.72,16885.98,3.48,Low Demand,Overstocked,Winter
ORD100999,24-01-2024,January,Q1,2024,4,Central,Jaipur,Furniture,Office Chair,423,8000,2.3,3306168,33437,220,100,3078094.95,3192131.48,3120864.63,2.23,Medium Demand,Stockout Risk,Winter
ORD101000,09-12-2025,December,Q4,2025,50,South,Ahmedabad,Home Appliances,Refrigerator,254,35000,19.06,7195566,50685,2358,100,7632839.19,7414202.6,7148138.22,3.59,Medium Demand,Overstocked,Winter
ORD101001,22-05-2025,May,Q2,2025,21,West,Jaipur,Fashion,Shoes,306,3000,3.46,886237.2,95053,1251,100,1049968.21,968102.7,815851.28,15.73,Medium Demand,Overstocked,Summer
ORD101002,24-08-2025,August,Q3,2025,34,East,Bangalore,Furniture,Bookshelf,549,10000,8.67,5014017,63478,1835,100,5207216.67,5110616.83,4785050.83,6.37,High Demand,Overstocked,Monsoon
ORD101003,22-11-2024,November,Q4,2024,47,Central,Mumbai,Office Supplies,Pen Set,625,500,7.06,290437.5,87929,363,100,284559.44,287498.47,313059.66,8.89,High Demand,Stockout Risk,Festive
ORD101004,07-06-2025,June,Q2,2025,23,East,Lucknow,Fashion,T-Shirt,668,1200,16.53,669095.52,89554,2272,100,629552.87,649324.2,606192.51,6.64,High Demand,Overstocked,Summer
ORD101005,03-07-2024,July,Q3,2024,27,East,Kolkata,Furniture,Desk,301,15000,1.45,4449532.5,91108,1622,100,4221652.87,4335592.69,4698274.32,8.37,Medium Demand,Overstocked,Monsoon
ORD101006,05-05-2024,May,Q2,2024,18,North,Pune,Electronics,Tablet,268,18000,9.31,4374885.6,47147,1052,100,4482753.8,4428819.7,4274780.24,3.48,Medium Demand,Overstocked,Summer
ORD101007,08-09-2025,September,Q3,2025,37,South,Jaipur,Furniture,Office Chair,624,8000,5.56,4714444.8,84679,406,100,4853895.06,4784169.93,4852361.28,1.43,High Demand,Stockout Risk,Monsoon
ORD101008,29-11-2025,November,Q4,2025,48,West,Pune,Home Appliances,Microwave,315,9000,9.88,2554902,11133,1224,100,2474409.55,2514655.77,2362820.73,6.04,Medium Demand,Overstocked,Festive
ORD101009,24-06-2024,June,Q2,2024,26,Central,Pune,Office Supplies,Pen Set,292,500,11.53,129166.2,42360,173,100,136588.95,132877.58,138365.5,4.13,Medium Demand,Stockout Risk,Summer
ORD101010,05-01-2024,January,Q1,2024,1,West,Ahmedabad,Furniture,Desk,87,15000,17.92,1071144,74142,260,100,1001472.45,1036308.22,967515.59,6.64,Low Demand,Overstocked,Winter
ORD101011,26-04-2025,April,Q2,2025,17,North,Kolkata,Home Appliances,Refrigerator,374,35000,15.07,11117337,57473,426,100,11368367.36,11242852.18,10701936.95,4.81,Medium Demand,Healthy Stock,Summer
ORD101012,19-09-2025,September,Q3,2025,38,North,Kolkata,Home Appliances,Air Conditioner,515,45000,9.87,20887627.5,89029,597,100,23754042,22320834.75,22716146.1,1.77,High Demand,Healthy Stock,Monsoon
ORD101013,15-04-2024,April,Q2,2024,16,North,Hyderabad,Electronics,Laptop,192,60000,2.1,11278080,47317,1884,100,10043541.92,10660810.96,10348803.92,2.93,Low Demand,Overstocked,Summer
ORD101014,12-01-2025,January,Q1,2025,2,Central,Delhi,Electronics,Tablet,94,18000,2.22,1654437.6,44883,407,100,1498078.11,1576257.85,1716618.51,8.9,Low Demand,Overstocked,Winter
ORD101015,23-01-2025,January,Q1,2025,4,East,Bangalore,Furniture,Bookshelf,521,10000,2.4,5084960,46855,706,100,5599628.79,5342294.39,5479347.88,2.57,High Demand,Healthy Stock,Winter
ORD101016,27-02-2025,February,Q1,2025,9,West,Mumbai,Office Supplies,Paper Ream,296,350,11.56,91623.84,91673,2107,100,109081.83,100352.83,88360.41,11.95,Medium Demand,Overstocked,Spring
ORD101017,09-05-2025,May,Q2,2025,19,South,Mumbai,Home Appliances,Refrigerator,134,35000,7.06,4358886,36768,943,100,4698818.2,4528852.1,3988506.58,11.93,Low Demand,Overstocked,Summer
ORD101018,21-05-2025,May,Q2,2025,21,North,Hyderabad,Electronics,Mobile,529,25000,16.37,11060067.5,29630,2097,100,9310518.41,10185292.96,10415622.71,2.26,High Demand,Overstocked,Summer
ORD101019,27-08-2025,August,Q3,2025,35,Central,Jaipur,Home Appliances,Refrigerator,514,35000,13.11,15631511,71127,532,100,18220872.45,16926191.73,14752347.4,12.84,High Demand,Healthy Stock,Monsoon
ORD101020,07-01-2025,January,Q1,2025,2,West,Chennai,Office Supplies,Paper Ream,257,350,15.6,75917.8,29635,381,100,69171.39,72544.6,70819.1,2.38,Medium Demand,Healthy Stock,Winter
ORD101021,10-11-2024,November,Q4,2024,45,Central,Mumbai,Furniture,Desk,216,15000,4.81,3084156,65404,866,100,2796412.47,2940284.24,3069500.35,4.39,Medium Demand,Overstocked,Festive
ORD101022,27-06-2025,June,Q2,2025,26,West,Pune,Home Appliances,Microwave,613,9000,1.68,5424314.4,61554,968,100,4666255.71,5045285.05,5426690.67,7.56,High Demand,Healthy Stock,Summer
ORD101023,04-06-2025,June,Q2,2025,23,East,Delhi,Fashion,T-Shirt,428,1200,1.96,503533.44,90016,1666,100,550261.67,526897.56,495737.57,5.91,Medium Demand,Overstocked,Summer
ORD101024,28-10-2024,October,Q4,2024,44,South,Kolkata,Furniture,Bookshelf,441,10000,9.87,3974733,61828,547,100,4262758.89,4118745.94,4091069.35,0.67,Medium Demand,Healthy Stock,Festive
ORD101025,23-04-2024,April,Q2,2024,17,South,Mumbai,Electronics,Laptop,639,60000,5.32,36300312,13630,2279,100,30507246.72,33403779.36,34314430.95,2.73,High Demand,Overstocked,Summer
ORD101026,27-09-2025,September,Q3,2025,39,West,Kolkata,Fashion,Shoes,275,3000,14.68,703890,95660,1198,100,702530.55,703210.28,657578.14,6.49,Medium Demand,Overstocked,Monsoon
ORD101027,27-07-2024,July,Q3,2024,30,East,Ahmedabad,Office Supplies,Pen Set,53,500,1.88,26001.8,70960,2052,100,28488.52,27245.16,27835.26,2.17,Low Demand,Overstocked,Monsoon
ORD101028,05-12-2025,December,Q4,2025,49,South,Bangalore,Home Appliances,Air Conditioner,121,45000,3.33,5263681.5,48536,1964,100,4509572.07,4886626.79,4750719.77,2.78,Low Demand,Overstocked,Winter
ORD101029,30-04-2025,April,Q2,2025,18,West,Pune,Electronics,Mobile,320,25000,17.63,6589600,27377,139,100,6837382.55,6713491.28,7208418.17,7.37,Medium Demand,Stockout Risk,Summer
ORD101030,20-08-2025,August,Q3,2025,34,North,Chennai,Furniture,Desk,162,15000,0.9,2408130,7279,2423,100,2581559.92,2494844.96,2307305.72,7.52,Low Demand,Overstocked,Monsoon
ORD101031,21-08-2024,August,Q3,2024,34,Central,Jaipur,Furniture,Office Chair,146,8000,2,1144640,48997,1953,100,1140364.47,1142502.23,1110479.6,2.8,Low Demand,Overstocked,Monsoon
ORD101032,12-07-2025,July,Q3,2025,28,East,Chennai,Home Appliances,Refrigerator,519,35000,0.27,18115954.5,51219,1333,100,19638833.45,18877393.98,19533971.48,3.48,High Demand,Overstocked,Monsoon
ORD101033,10-11-2025,November,Q4,2025,46,Central,Chennai,Electronics,Tablet,789,18000,0.41,14143771.8,58781,1002,100,15045391.5,14594581.65,13130039.94,10.03,High Demand,Healthy Stock,Festive
ORD101034,24-05-2025,May,Q2,2025,21,North,Hyderabad,Office Supplies,Paper Ream,491,350,7.19,159493.99,16701,893,100,186330.27,172912.13,155595.26,10.01,Medium Demand,Healthy Stock,Summer
ORD101035,20-04-2024,April,Q2,2024,16,East,Jaipur,Fashion,Jacket,229,4500,5.31,975780.45,94006,1528,100,1127219.59,1051500.02,954513.55,9.22,Medium Demand,Overstocked,Summer
ORD101036,03-03-2025,March,Q1,2025,10,East,Ahmedabad,Furniture,Office Chair,643,8000,10.4,4609024,49993,603,100,4486349.52,4547686.76,4567568.29,0.44,High Demand,Healthy Stock,Spring
ORD101037,21-12-2024,December,Q4,2024,51,East,Mumbai,Electronics,Printer,200,12000,9.33,2176080,24690,2242,100,2582285.78,2379182.89,2229957.62,6.27,Medium Demand,Overstocked,Winter
ORD101038,11-11-2025,November,Q4,2025,46,South,Ahmedabad,Fashion,T-Shirt,158,1200,0.31,189012.24,10367,990,100,172607.29,180809.77,192530.58,6.48,Low Demand,Overstocked,Festive
ORD101039,24-02-2024,February,Q1,2024,8,West,Ahmedabad,Electronics,Printer,410,12000,13.21,4270068,5084,304,100,3845509.59,4057788.79,4142152.34,2.08,Medium Demand,Stockout Risk,Spring
ORD101040,17-10-2024,October,Q4,2024,42,Central,Jaipur,Furniture,Office Chair,415,8000,14.66,2833288,61629,2497,100,3307308.23,3070298.12,2714744.38,11.58,Medium Demand,Overstocked,Festive
ORD101041,02-02-2024,February,Q1,2024,5,West,Pune,Furniture,Bookshelf,445,10000,8.45,4073975,17863,1170,100,4758719.15,4416347.08,4153041.72,5.96,Medium Demand,Overstocked,Spring
ORD101042,26-06-2024,June,Q2,2024,26,Central,Kolkata,Home Appliances,Air Conditioner,250,45000,3.99,10801125,22785,1805,100,11035655.31,10918390.16,10371374.73,5.01,Medium Demand,Overstocked,Summer
ORD101043,28-03-2024,March,Q1,2024,13,East,Lucknow,Fashion,Jacket,237,4500,7.52,986299.2,62264,493,100,843723.68,915011.44,974838.67,6.54,Medium Demand,Overstocked,Spring
ORD101044,16-11-2024,November,Q4,2024,46,Central,Pune,Fashion,T-Shirt,642,1200,19.23,622252.08,65461,213,100,724938.18,673595.13,563315.12,16.37,High Demand,Stockout Risk,Festive
ORD101045,07-03-2025,March,Q1,2025,10,North,Bangalore,Office Supplies,Pen Set,298,500,11.61,131701.1,53904,621,100,138069.62,134885.36,142234.88,5.45,Medium Demand,Overstocked,Spring
ORD101046,27-10-2024,October,Q4,2024,43,North,Kolkata,Furniture,Desk,73,15000,15.26,927903,72896,1985,100,1053800.15,990851.57,850823.79,14.13,Low Demand,Overstocked,Festive
ORD101047,03-10-2024,October,Q4,2024,40,North,Pune,Office Supplies,Notebook,463,200,13.81,79811.94,12977,597,100,87488.98,83650.46,82595.99,1.26,Medium Demand,Healthy Stock,Festive
ORD101048,24-02-2024,February,Q1,2024,8,South,Jaipur,Furniture,Bookshelf,557,10000,2.73,5417939,93562,733,100,4986437.45,5202188.22,5213022.61,0.21,High Demand,Healthy Stock,Spring
ORD101049,07-01-2024,January,Q1,2024,1,West,Lucknow,Furniture,Office Chair,118,8000,0,944000,84140,595,100,951485,947742.5,896272.51,5.43,Low Demand,Overstocked,Winter
ORD101050,16-04-2024,April,Q2,2024,16,West,Delhi,Office Supplies,Pen Set,450,500,1.11,222502.5,20966,1328,100,214008.01,218255.26,243982.73,11.79,Medium Demand,Overstocked,Summer
ORD101051,28-08-2024,August,Q3,2024,35,Central,Ahmedabad,Office Supplies,Paper Ream,499,350,17.19,144627.66,85892,604,100,140714.25,142670.96,148567.24,4.13,Medium Demand,Healthy Stock,Monsoon
ORD101052,08-07-2024,July,Q3,2024,28,South,Hyderabad,Furniture,Bookshelf,609,10000,4.01,5845791,67975,1287,100,5353456.22,5599623.61,5378150.74,3.96,High Demand,Overstocked,Monsoon
ORD101053,25-08-2025,August,Q3,2025,35,West,Pune,Home Appliances,Refrigerator,445,35000,13.95,13402287.5,19068,2000,100,12956776.53,13179532.02,13200805.43,0.16,Medium Demand,Overstocked,Monsoon
ORD101054,29-01-2024,January,Q1,2024,5,East,Chennai,Electronics,Printer,61,12000,11.61,647014.8,9467,1920,100,528645.2,587830,699689.37,19.03,Low Demand,Overstocked,Winter
ORD101055,22-05-2024,May,Q2,2024,21,West,Chennai,Home Appliances,Microwave,212,9000,7.15,1771578,70956,963,100,1664457.11,1718017.56,1844646.6,7.37,Medium Demand,Overstocked,Summer
ORD101056,03-02-2025,February,Q1,2025,6,Central,Mumbai,Furniture,Bookshelf,205,10000,7.04,1905680,99268,2406,100,1783176.09,1844428.04,1987693.73,7.77,Medium Demand,Overstocked,Spring
ORD101057,23-05-2024,May,Q2,2024,21,East,Ahmedabad,Fashion,Shoes,545,3000,7.53,1511884.5,66833,838,100,1557869.35,1534876.93,1641124.09,6.92,High Demand,Healthy Stock,Summer
ORD101058,05-11-2025,November,Q4,2025,45,Central,Ahmedabad,Furniture,Bookshelf,509,10000,11.61,4499051,81610,1753,100,3720841.1,4109946.05,4075709.96,0.83,High Demand,Overstocked,Festive
ORD101059,11-06-2024,June,Q2,2024,24,South,Mumbai,Electronics,Printer,537,12000,6.47,6027073.2,35347,1069,100,5075836.65,5551454.93,6486041.35,16.83,High Demand,Overstocked,Summer
ORD101060,28-01-2025,January,Q1,2025,5,West,Mumbai,Electronics,Tablet,167,18000,0.75,2983455,14552,1908,100,3297734.48,3140594.74,3047022.46,2.98,Low Demand,Overstocked,Winter
ORD101061,31-01-2024,January,Q1,2024,5,South,Pune,Electronics,Printer,436,12000,2.66,5092828.8,88544,2450,100,5207861.99,5150345.39,4782897.52,7.13,Medium Demand,Overstocked,Winter
ORD101062,17-05-2025,May,Q2,2025,20,West,Ahmedabad,Furniture,Office Chair,215,8000,8.68,1570704,74275,887,100,1310606.91,1440655.46,1421249.33,1.35,Medium Demand,Overstocked,Summer
ORD101063,15-11-2025,November,Q4,2025,46,North,Hyderabad,Electronics,Mobile,71,25000,8.16,1630160,76641,394,100,1526293.58,1578226.79,1689615.59,7.06,Low Demand,Overstocked,Festive
ORD101064,19-10-2025,October,Q4,2025,42,Central,Chennai,Furniture,Office Chair,871,8000,10.02,6269806.4,51725,2388,100,7156160.4,6712983.4,6647995.97,0.97,High Demand,Overstocked,Festive
ORD101065,25-03-2025,March,Q1,2025,13,West,Kolkata,Electronics,Laptop,180,60000,15.65,9109800,44089,513,100,7717558.36,8413679.18,8618915.7,2.44,Low Demand,Overstocked,Spring
ORD101066,07-09-2025,September,Q3,2025,36,Central,Pune,Electronics,Mobile,346,25000,18.45,7054075,37949,1699,100,7627637.08,7340856.04,6444536.36,12.21,Medium Demand,Overstocked,Monsoon
ORD101067,10-06-2024,June,Q2,2024,24,East,Mumbai,Office Supplies,Paper Ream,297,350,17.06,86216.13,85117,2148,100,79740.93,82978.53,88261.95,6.37,Medium Demand,Overstocked,Summer
ORD101068,13-07-2025,July,Q3,2025,28,North,Lucknow,Fashion,T-Shirt,80,1200,0.65,95376,60234,1168,100,83950.38,89663.19,102777.71,14.63,Low Demand,Overstocked,Monsoon
ORD101069,01-03-2024,March,Q1,2024,9,South,Hyderabad,Office Supplies,Paper Ream,387,350,18.48,110418.84,91944,355,100,98741.7,104580.27,100987.13,3.44,Medium Demand,Healthy Stock,Spring
ORD101070,31-07-2025,July,Q3,2025,31,Central,Delhi,Home Appliances,Microwave,476,9000,11.96,3771633.6,85272,430,100,4356264.92,4063949.26,3755620.36,7.59,Medium Demand,Stockout Risk,Monsoon
ORD101071,12-05-2024,May,Q2,2024,19,East,Delhi,Electronics,Laptop,558,60000,10.15,30081780,90240,1534,100,29257726.49,29669753.24,28899074.82,2.6,High Demand,Overstocked,Summer
ORD101072,21-08-2024,August,Q3,2024,34,North,Delhi,Electronics,Mobile,597,25000,12.16,13110120,54727,174,100,13385411.33,13247765.66,11935821.43,9.9,High Demand,Stockout Risk,Monsoon
ORD101073,21-01-2025,January,Q1,2025,4,South,Kolkata,Fashion,Jacket,221,4500,2.36,971029.8,85694,1606,100,913462.92,942246.36,940563.86,0.18,Medium Demand,Overstocked,Winter
ORD101074,29-02-2024,February,Q1,2024,9,South,Hyderabad,Electronics,Laptop,282,60000,8.26,15522408,75283,2426,100,12702171,14112289.5,16459238.4,16.63,Medium Demand,Overstocked,Spring
ORD101075,12-09-2024,September,Q3,2024,37,North,Mumbai,Electronics,Mobile,499,25000,3.61,12024652.5,10730,1386,100,11301573.9,11663113.2,12397919.24,6.3,Medium Demand,Overstocked,Monsoon
ORD101076,07-09-2024,September,Q3,2024,36,East,Bangalore,Office Supplies,Pen Set,540,500,13.15,234495,91060,414,100,194760.09,214627.54,255054.12,18.84,High Demand,Stockout Risk,Monsoon
ORD101077,29-07-2024,July,Q3,2024,31,West,Pune,Furniture,Desk,359,15000,18.83,4371004.5,77273,1298,100,5016113.96,4693559.23,4147388.97,11.64,Medium Demand,Overstocked,Monsoon
ORD101078,30-09-2024,September,Q3,2024,40,East,Jaipur,Office Supplies,Notebook,105,200,6.93,19544.7,58848,2091,100,17823.08,18683.89,18385.91,1.59,Low Demand,Overstocked,Monsoon
ORD101079,20-05-2024,May,Q2,2024,21,Central,Hyderabad,Home Appliances,Air Conditioner,758,45000,7.45,31568805,23607,246,100,37603620.26,34586212.63,32821088.6,5.1,High Demand,Stockout Risk,Summer
ORD101080,27-10-2025,October,Q4,2025,44,West,Mumbai,Electronics,Printer,108,12000,11.76,1143590.4,44375,446,100,942190.43,1042890.42,1224687.94,17.43,Low Demand,Overstocked,Festive
ORD101081,28-01-2025,January,Q1,2025,5,West,Delhi,Fashion,T-Shirt,504,1200,0.89,599417.28,31965,1653,100,523753.27,561585.28,591155.51,5.27,High Demand,Overstocked,Winter
ORD101082,23-02-2024,February,Q1,2024,8,East,Delhi,Office Supplies,Pen Set,76,500,18.2,31084,49068,1175,100,34941.45,33012.72,31649.47,4.13,Low Demand,Overstocked,Spring
ORD101083,29-01-2024,January,Q1,2024,5,East,Lucknow,Fashion,T-Shirt,108,1200,16.15,108669.6,77521,1689,100,128337.65,118503.62,118068.93,0.37,Low Demand,Overstocked,Winter
ORD101084,21-10-2024,October,Q4,2024,43,Central,Chennai,Fashion,Jacket,861,4500,5.2,3673026,54976,2014,100,4033913.84,3853469.92,3984984.28,3.41,High Demand,Overstocked,Festive
ORD101085,15-05-2024,May,Q2,2024,20,North,Ahmedabad,Home Appliances,Microwave,305,9000,15.43,2321446.5,43774,1482,100,2387452.31,2354449.41,2107226.3,10.5,Medium Demand,Overstocked,Summer
ORD101086,07-10-2024,October,Q4,2024,41,East,Ahmedabad,Home Appliances,Air Conditioner,841,45000,6.14,35521317,91609,1414,100,40295379.11,37908348.05,37990706.87,0.22,High Demand,Healthy Stock,Festive
ORD101087,30-03-2025,March,Q1,2025,13,West,Delhi,Fashion,Shoes,527,3000,0.74,1569300.6,52018,2066,100,1655764.73,1612532.67,1587067.72,1.58,High Demand,Overstocked,Spring
ORD101088,22-02-2025,February,Q1,2025,8,North,Lucknow,Electronics,Tablet,674,18000,11.03,10793840.4,13394,1904,100,9411382.2,10102611.3,11368022.69,12.53,High Demand,Overstocked,Spring
ORD101089,09-10-2024,October,Q4,2024,41,East,Chennai,Furniture,Office Chair,886,8000,17.42,5853270.4,90980,303,100,5227374.23,5540322.32,6034254.49,8.92,High Demand,Stockout Risk,Festive
ORD101090,07-07-2024,July,Q3,2024,27,Central,Chennai,Office Supplies,Pen Set,92,500,11.07,40907.8,34878,349,100,48299.08,44603.44,44932.89,0.74,Low Demand,Overstocked,Monsoon
ORD101091,20-09-2024,September,Q3,2024,38,North,Pune,Office Supplies,Paper Ream,95,350,12.01,29256.67,50839,547,100,24312.05,26784.36,28927.9,8,Low Demand,Overstocked,Monsoon
ORD101092,07-06-2025,June,Q2,2025,23,North,Hyderabad,Furniture,Desk,634,15000,7.43,8803407,94262,1803,100,7294126.87,8048766.94,8673953.48,7.77,High Demand,Overstocked,Summer
ORD101093,16-10-2024,October,Q4,2024,42,South,Delhi,Home Appliances,Air Conditioner,543,45000,8.16,22441104,90456,1634,100,22177959.92,22309531.96,24566281.94,10.12,High Demand,Overstocked,Festive
ORD101094,28-09-2025,September,Q3,2025,39,North,Bangalore,Home Appliances,Microwave,347,9000,18.61,2541809.7,82493,204,100,2141456.48,2341633.09,2395136.93,2.28,Medium Demand,Stockout Risk,Monsoon
ORD101095,16-11-2024,November,Q4,2024,46,Central,Jaipur,Office Supplies,Paper Ream,559,350,7.58,180819.73,81373,233,100,192179.5,186499.61,168165.05,9.83,High Demand,Stockout Risk,Festive
ORD101096,26-10-2025,October,Q4,2025,43,North,Mumbai,Furniture,Bookshelf,790,10000,12.61,6903810,59798,2307,100,7547371.19,7225590.6,7383756.08,2.19,High Demand,Overstocked,Festive
ORD101097,24-06-2025,June,Q2,2025,26,North,Lucknow,Fashion,Jacket,587,4500,10.41,2366519.85,46541,1202,100,2077826.76,2222173.31,2402133.01,8.1,High Demand,Overstocked,Summer
ORD101098,06-09-2024,September,Q3,2024,36,East,Hyderabad,Home Appliances,Microwave,516,9000,6.3,4351428,20127,1087,100,4255709.61,4303568.8,4749678.12,10.37,High Demand,Overstocked,Monsoon
ORD101099,23-02-2025,February,Q1,2025,8,East,Mumbai,Home Appliances,Air Conditioner,567,45000,1.53,25124620.5,52486,2083,100,26182051.29,25653335.89,24868188.68,3.06,High Demand,Overstocked,Spring
ORD101100,04-03-2025,March,Q1,2025,10,South,Lucknow,Furniture,Bookshelf,300,10000,15.53,2534100,58427,2495,100,2702265.57,2618182.79,2587592.65,1.17,Medium Demand,Overstocked,Spring
ORD101101,20-10-2024,October,Q4,2024,42,East,Pune,Electronics,Laptop,614,60000,19.66,29597256,80499,2124,100,31167446.86,30382351.43,31211164.63,2.73,High Demand,Overstocked,Festive
ORD101102,03-07-2024,July,Q3,2024,27,West,Delhi,Furniture,Office Chair,478,8000,5.27,3622475.2,77689,2024,100,3974368.23,3798421.71,3351802.37,11.76,Medium Demand,Overstocked,Monsoon
ORD101103,04-02-2024,February,Q1,2024,5,West,Delhi,Furniture,Office Chair,185,8000,10.3,1327560,74377,1689,100,1542231.97,1434895.98,1288892.9,10.18,Low Demand,Overstocked,Spring
ORD101104,15-02-2025,February,Q1,2025,7,Central,Hyderabad,Home Appliances,Microwave,394,9000,17.95,2909493,49124,541,100,3484564.89,3197028.95,2644867.45,17.27,Medium Demand,Healthy Stock,Spring
ORD101105,29-12-2024,December,Q4,2024,52,West,Kolkata,Fashion,Jacket,584,4500,9.54,2377288.8,22643,851,100,2590015.7,2483652.25,2419869.91,2.57,High Demand,Healthy Stock,Winter
ORD101106,05-06-2025,June,Q2,2025,23,North,Bangalore,Electronics,Tablet,514,18000,7.59,8549773.2,62486,823,100,8579414.21,8564593.71,8700387.51,1.59,High Demand,Healthy Stock,Summer
ORD101107,09-04-2024,April,Q2,2024,15,South,Ahmedabad,Fashion,T-Shirt,99,1200,11.28,105399.36,73838,2474,100,105746.25,105572.8,114422.46,8.38,Low Demand,Overstocked,Summer
ORD101108,19-10-2024,October,Q4,2024,42,East,Kolkata,Home Appliances,Microwave,246,9000,18.9,1795554,32614,1863,100,1809297.15,1802425.57,1822536.8,1.12,Medium Demand,Overstocked,Festive
ORD101109,22-09-2025,September,Q3,2025,39,East,Mumbai,Home Appliances,Refrigerator,219,35000,2.37,7483339.5,40893,2093,100,7300496.8,7391918.15,8060079.22,9.04,Medium Demand,Overstocked,Monsoon
ORD101110,22-10-2024,October,Q4,2024,43,East,Lucknow,Electronics,Mobile,425,25000,4.14,10185125,71676,791,100,8259525.78,9222325.39,11005111.7,19.33,Medium Demand,Overstocked,Festive
ORD101111,06-07-2025,July,Q3,2025,27,Central,Hyderabad,Electronics,Printer,76,12000,7.39,844603.2,41941,2439,100,819772.73,832187.96,835282.95,0.37,Low Demand,Overstocked,Monsoon
ORD101112,09-05-2024,May,Q2,2024,19,West,Ahmedabad,Electronics,Laptop,505,60000,17.78,24912660,69651,1177,100,20795731.62,22854195.81,23103094.24,1.09,High Demand,Overstocked,Summer
ORD101113,12-10-2024,October,Q4,2024,41,North,Pune,Electronics,Mobile,163,25000,10.14,3661795,41190,1957,100,3853122.24,3757458.62,3671201.5,2.3,Low Demand,Overstocked,Festive
ORD101114,16-03-2024,March,Q1,2024,11,East,Delhi,Fashion,Shoes,583,3000,6.35,1637938.5,78160,245,100,1932231.85,1785085.18,1679635.52,5.91,High Demand,Stockout Risk,Spring
ORD101115,08-09-2024,September,Q3,2024,36,South,Lucknow,Fashion,Shoes,250,3000,5.31,710175,24848,2084,100,799335.72,754755.36,743348.79,1.51,Medium Demand,Overstocked,Monsoon
ORD101116,16-10-2024,October,Q4,2024,42,South,Hyderabad,Electronics,Mobile,69,25000,9.81,1555777.5,85113,954,100,1686456.9,1621117.2,1412276.54,12.88,Low Demand,Overstocked,Festive
ORD101117,05-12-2025,December,Q4,2025,49,East,Lucknow,Fashion,Jacket,759,4500,6.97,3177439.65,74528,837,100,3657728.27,3417583.96,3393945.21,0.69,High Demand,Healthy Stock,Winter
ORD101118,26-10-2024,October,Q4,2024,43,West,Chennai,Fashion,Jacket,552,4500,5.91,2337195.6,33695,560,100,2769968.45,2553582.03,2522684.04,1.21,High Demand,Stockout Risk,Festive
ORD101119,21-10-2024,October,Q4,2024,43,West,Chennai,Home Appliances,Microwave,614,9000,9.29,5012634.6,46799,565,100,4707021.44,4859828.02,4910466.39,1.04,High Demand,Healthy Stock,Festive
ORD101120,11-05-2024,May,Q2,2024,19,West,Chennai,Office Supplies,Pen Set,290,500,0.58,144159,40117,2178,100,127731,135945,154278.63,13.49,Medium Demand,Overstocked,Summer
ORD101121,22-02-2025,February,Q1,2025,8,North,Jaipur,Home Appliances,Refrigerator,375,35000,8.22,12046125,62927,1841,100,11557917.29,11802021.14,13039614.05,10.49,Medium Demand,Overstocked,Spring
ORD101122,01-10-2024,October,Q4,2024,40,West,Hyderabad,Home Appliances,Air Conditioner,124,45000,8.2,5122440,80039,782,100,5196229.97,5159334.98,5408837.67,4.84,Low Demand,Overstocked,Festive
ORD101123,22-04-2024,April,Q2,2024,17,Central,Lucknow,Home Appliances,Microwave,669,9000,10.8,5370732,99663,186,100,6020403.41,5695567.71,4930603.42,13.43,High Demand,Stockout Risk,Summer
ORD101124,22-12-2025,December,Q4,2025,52,East,Pune,Office Supplies,Notebook,100,200,10.37,17926,52460,2293,100,15763.69,16844.85,16696.25,0.88,Low Demand,Overstocked,Winter
ORD101125,02-07-2025,July,Q3,2025,27,West,Hyderabad,Home Appliances,Microwave,432,9000,6.63,3630225.6,33261,2364,100,3969048.13,3799636.87,3949695.47,3.95,Medium Demand,Overstocked,Monsoon
ORD101126,06-02-2024,February,Q1,2024,6,North,Jaipur,Electronics,Printer,546,12000,0.85,6496308,42105,1334,100,5260045.94,5878176.97,6667233.01,13.42,High Demand,Overstocked,Spring
ORD101127,05-12-2025,December,Q4,2025,49,South,Delhi,Home Appliances,Air Conditioner,176,45000,16.26,6632208,54526,1741,100,5653806.61,6143007.3,6951251.34,13.16,Low Demand,Overstocked,Winter
ORD101128,03-10-2024,October,Q4,2024,40,North,Mumbai,Electronics,Printer,87,12000,16.61,870591.6,84281,721,100,729749.62,800170.61,885948.1,10.72,Low Demand,Overstocked,Festive
ORD101129,04-02-2025,February,Q1,2025,6,South,Lucknow,Home Appliances,Refrigerator,485,35000,10.25,15235062.5,8071,1337,100,13858115.97,14546589.23,14329084.2,1.5,Medium Demand,Overstocked,Spring
ORD101130,27-09-2024,September,Q3,2024,39,Central,Chennai,Fashion,T-Shirt,489,1200,1.86,575885.52,58258,2397,100,524875.4,550380.46,551055.98,0.12,Medium Demand,Overstocked,Monsoon
ORD101131,20-12-2025,December,Q4,2025,51,Central,Jaipur,Furniture,Desk,67,15000,19.86,805407,56595,1626,100,890039.29,847723.15,839971.64,0.91,Low Demand,Overstocked,Winter
ORD101132,08-04-2025,April,Q2,2025,15,South,Lucknow,Electronics,Printer,287,12000,8.94,3136106.4,67495,2406,100,2645554.69,2890830.54,3017316.85,4.38,Medium Demand,Overstocked,Summer
ORD101133,27-05-2024,May,Q2,2024,22,North,Mumbai,Office Supplies,Notebook,262,200,17.3,43334.8,69200,1123,100,36121.96,39728.38,42495.8,6.97,Medium Demand,Overstocked,Summer
ORD101134,29-04-2025,April,Q2,2025,18,Central,Lucknow,Furniture,Office Chair,555,8000,5.04,4216224,45823,1483,100,4780056.97,4498140.48,3825388.22,14.96,High Demand,Overstocked,Summer
ORD101135,06-12-2025,December,Q4,2025,49,Central,Lucknow,Fashion,Shoes,324,3000,13.81,837766.8,78716,2101,100,853043.89,845405.34,806437.03,4.61,Medium Demand,Overstocked,Winter
ORD101136,29-10-2025,October,Q4,2025,44,South,Pune,Fashion,Jacket,721,4500,17.17,2687419.35,15673,530,100,2607551.42,2647485.38,2460334.8,7.07,High Demand,Stockout Risk,Festive
ORD101137,10-05-2024,May,Q2,2024,19,North,Bangalore,Office Supplies,Paper Ream,174,350,3.32,58878.12,62357,565,100,48022.45,53450.29,57985.32,8.48,Low Demand,Overstocked,Summer
ORD101138,23-06-2024,June,Q2,2024,25,Central,Chennai,Furniture,Bookshelf,610,10000,8.36,5590040,6213,1315,100,4734950.09,5162495.04,6144286.11,19.02,High Demand,Overstocked,Summer
ORD101139,23-11-2025,November,Q4,2025,47,East,Jaipur,Home Appliances,Air Conditioner,573,45000,3.32,24928938,43036,2243,100,26773917.49,25851427.74,26438702.93,2.27,High Demand,Overstocked,Festive
ORD101140,15-01-2025,January,Q1,2025,3,Central,Lucknow,Home Appliances,Refrigerator,523,35000,4.21,17534359.5,48276,654,100,15179412.33,16356885.91,18288622.52,11.81,High Demand,Healthy Stock,Winter
ORD101141,30-04-2025,April,Q2,2025,18,North,Pune,Fashion,Shoes,203,3000,9.41,551693.1,5734,1377,100,596151.76,573922.43,518510.71,9.65,Medium Demand,Overstocked,Summer
ORD101142,06-04-2024,April,Q2,2024,14,Central,Chennai,Home Appliances,Microwave,112,9000,12.5,882000,82916,740,100,729157.16,805578.58,906051,12.47,Low Demand,Overstocked,Summer
ORD101143,19-08-2024,August,Q3,2024,34,East,Delhi,Furniture,Desk,341,15000,16.42,4275117,60858,2493,100,4667270.26,4471193.63,4161633.85,6.92,Medium Demand,Overstocked,Monsoon
ORD101144,16-02-2025,February,Q1,2025,7,East,Jaipur,Office Supplies,Paper Ream,257,350,1.55,88555.78,24978,521,100,96726.22,92641,84659.07,8.62,Medium Demand,Healthy Stock,Spring
ORD101145,26-09-2024,September,Q3,2024,39,Central,Mumbai,Furniture,Bookshelf,651,10000,12.9,5670210,55193,1452,100,5841803.51,5756006.75,6070980.69,5.47,High Demand,Overstocked,Monsoon
ORD101146,11-09-2025,September,Q3,2025,37,East,Lucknow,Fashion,Shoes,222,3000,0.05,665667,35386,986,100,556853.95,611260.47,706053.53,15.51,Medium Demand,Overstocked,Monsoon
ORD101147,30-05-2024,May,Q2,2024,22,South,Bangalore,Fashion,Shoes,381,3000,1.56,1125169.2,11840,661,100,1130437.36,1127803.28,1111597.19,1.44,Medium Demand,Healthy Stock,Summer
ORD101148,11-11-2025,November,Q4,2025,46,West,Pune,Home Appliances,Air Conditioner,218,45000,7.86,9038934,55532,2043,100,8514645.57,8776789.79,9651139.96,9.96,Medium Demand,Overstocked,Festive
ORD101149,20-11-2024,November,Q4,2024,47,Central,Mumbai,Office Supplies,Notebook,306,200,16.67,50997.96,98237,685,100,57931.16,54464.56,51614.89,5.23,Medium Demand,Overstocked,Festive
ORD101150,16-05-2025,May,Q2,2025,20,East,Mumbai,Office Supplies,Pen Set,406,500,3.56,195773.2,52931,2009,100,216975.03,206374.11,189743.05,8.06,Medium Demand,Overstocked,Summer
ORD101151,10-03-2025,March,Q1,2025,11,South,Lucknow,Office Supplies,Notebook,441,200,7.48,81602.64,6398,902,100,79712.09,80657.36,82027.02,1.7,Medium Demand,Overstocked,Spring
ORD101152,06-01-2024,January,Q1,2024,1,Central,Ahmedabad,Home Appliances,Microwave,427,9000,18.32,3138962.4,70902,153,100,3273026.75,3205994.58,2846114.91,11.23,Medium Demand,Stockout Risk,Winter
ORD101153,08-10-2024,October,Q4,2024,41,West,Kolkata,Electronics,Tablet,443,18000,19.42,6425449.2,8988,2028,100,7703423.7,7064436.45,6595389.59,6.64,Medium Demand,Overstocked,Festive
ORD101154,17-05-2025,May,Q2,2025,20,South,Chennai,Office Supplies,Notebook,89,200,7.39,16484.58,85336,727,100,17840.53,17162.56,15419.37,10.16,Low Demand,Overstocked,Summer
ORD101155,14-05-2024,May,Q2,2024,20,North,Kolkata,Electronics,Laptop,504,60000,12.75,26384400,13169,1387,100,22136252.62,24260326.31,26617023.26,9.71,High Demand,Overstocked,Summer
ORD101156,17-07-2024,July,Q3,2024,29,Central,Delhi,Home Appliances,Air Conditioner,374,45000,17.95,13809015,27179,1600,100,13899273.21,13854144.11,15025713.95,8.46,Medium Demand,Overstocked,Monsoon
ORD101157,16-02-2025,February,Q1,2025,7,West,Delhi,Electronics,Mobile,563,25000,2.95,13659787.5,39948,443,100,11870821.03,12765304.27,12415403.89,2.74,High Demand,Stockout Risk,Spring
ORD101158,15-09-2025,September,Q3,2025,38,South,Jaipur,Fashion,Shoes,700,3000,14.94,1786260,5422,1374,100,1624612.86,1705436.43,1732916.84,1.61,High Demand,Overstocked,Monsoon
ORD101159,15-12-2024,December,Q4,2024,50,West,Lucknow,Electronics,Printer,140,12000,2.33,1640856,16870,847,100,1791519.65,1716187.82,1537698.3,10.4,Low Demand,Overstocked,Winter
ORD101160,28-08-2025,August,Q3,2025,35,North,Bangalore,Electronics,Mobile,433,25000,9.21,9828017.5,99932,1110,100,9072370.01,9450193.75,10183576.69,7.76,Medium Demand,Overstocked,Monsoon
ORD101161,14-07-2024,July,Q3,2024,28,South,Ahmedabad,Electronics,Printer,343,12000,3.56,3969470.4,23405,2414,100,3676588.55,3823029.47,3751911.97,1.86,Medium Demand,Overstocked,Monsoon
ORD101162,11-07-2024,July,Q3,2024,28,East,Hyderabad,Furniture,Desk,315,15000,13.95,4065862.5,39674,478,100,4049413.09,4057637.79,4129856.06,1.78,Medium Demand,Healthy Stock,Monsoon
ORD101163,23-12-2024,December,Q4,2024,52,Central,Chennai,Furniture,Office Chair,649,8000,7.71,4791696.8,75510,2429,100,4237130.34,4514413.57,4985461.01,10.43,High Demand,Overstocked,Winter
ORD101164,21-12-2024,December,Q4,2024,51,East,Hyderabad,Home Appliances,Air Conditioner,565,45000,11.03,22620622.5,40251,471,100,22740714.98,22680668.74,21311892.75,6.03,High Demand,Stockout Risk,Winter
ORD101165,11-08-2024,August,Q3,2024,32,West,Ahmedabad,Electronics,Laptop,579,60000,13.17,30164742,29435,2046,100,25818790.36,27991766.18,30688527.17,9.63,High Demand,Overstocked,Monsoon
ORD101166,16-01-2025,January,Q1,2025,3,Central,Kolkata,Office Supplies,Notebook,380,200,14.03,65337.2,87506,1569,100,74989.57,70163.39,58906.69,16.04,Medium Demand,Overstocked,Winter
ORD101167,07-03-2025,March,Q1,2025,10,West,Pune,Home Appliances,Air Conditioner,152,45000,3.74,6584184,51924,1354,100,5695966.1,6140075.05,6645783.13,8.24,Low Demand,Overstocked,Spring
ORD101168,23-01-2024,January,Q1,2024,4,West,Lucknow,Fashion,Jacket,779,4500,14.62,2992995.9,67072,1097,100,2696778.82,2844887.36,2917102.37,2.54,High Demand,Healthy Stock,Winter
ORD101169,11-12-2024,December,Q4,2024,50,West,Kolkata,Home Appliances,Microwave,289,9000,15.26,2204087.4,71448,541,100,2134425.88,2169256.64,2324903.33,7.18,Medium Demand,Overstocked,Winter
ORD101170,14-08-2025,August,Q3,2025,33,West,Lucknow,Electronics,Mobile,574,25000,3.33,13872145,44397,2246,100,12198954.25,13035549.62,15182862.26,16.47,High Demand,Overstocked,Monsoon
ORD101171,22-05-2024,May,Q2,2024,21,South,Pune,Electronics,Laptop,366,60000,15.86,18477144,23541,1517,100,18172001.5,18324572.75,17240439.49,5.92,Medium Demand,Overstocked,Summer
ORD101172,01-01-2024,January,Q1,2024,1,South,Hyderabad,Furniture,Desk,364,15000,1.61,5372094,35957,932,100,5235747.85,5303920.92,5612908.2,5.83,Medium Demand,Overstocked,Winter
ORD101173,06-06-2024,June,Q2,2024,23,Central,Pune,Electronics,Printer,213,12000,6.89,2379891.6,66708,2352,100,2557704.19,2468797.9,2474506.45,0.23,Medium Demand,Overstocked,Summer
ORD101174,28-04-2025,April,Q2,2025,18,West,Chennai,Furniture,Office Chair,446,8000,2.57,3476302.4,22501,1737,100,3856276.77,3666289.58,3753030.87,2.37,Medium Demand,Overstocked,Summer
ORD101175,21-11-2025,November,Q4,2025,47,West,Lucknow,Fashion,Jacket,160,4500,13.4,623520,81864,210,100,554108.27,588814.14,637053.17,8.19,Low Demand,Healthy Stock,Festive
ORD101176,28-08-2024,August,Q3,2024,35,East,Pune,Home Appliances,Air Conditioner,51,45000,12.21,2014780.5,57190,416,100,2132103,2073441.75,1868942.59,9.86,Low Demand,Overstocked,Monsoon
ORD101177,11-07-2024,July,Q3,2024,28,North,Hyderabad,Home Appliances,Refrigerator,145,35000,6.79,4730407.5,90726,836,100,4589841.21,4660124.36,4526966.04,2.86,Low Demand,Overstocked,Monsoon
ORD101178,31-01-2025,January,Q1,2025,5,West,Delhi,Home Appliances,Refrigerator,233,35000,3.27,7888331.5,94435,2219,100,8942946.19,8415638.84,7832991.23,6.92,Medium Demand,Overstocked,Winter
ORD101179,25-03-2024,March,Q1,2024,13,East,Mumbai,Fashion,Shoes,214,3000,6.38,601040.4,80324,2176,100,573149.79,587095.09,595594.02,1.45,Medium Demand,Overstocked,Spring
ORD101180,12-05-2025,May,Q2,2025,20,West,Kolkata,Electronics,Tablet,485,18000,5.17,8278659,88115,574,100,8621846,8450252.5,8779382.75,3.89,Medium Demand,Healthy Stock,Summer
ORD101181,06-04-2025,April,Q2,2025,14,Central,Pune,Fashion,Jacket,393,4500,16.88,1469977.2,52823,557,100,1637845.49,1553911.34,1611310.95,3.69,Medium Demand,Healthy Stock,Summer
ORD101182,28-06-2025,June,Q2,2025,26,West,Mumbai,Furniture,Office Chair,395,8000,18.96,2560864,97741,1156,100,2251115.26,2405989.63,2721089.63,13.1,Medium Demand,Overstocked,Summer
ORD101183,10-04-2025,April,Q2,2025,15,West,Delhi,Fashion,T-Shirt,90,1200,2.43,105375.6,69175,1985,100,99774.01,102574.8,113577.32,10.73,Low Demand,Overstocked,Summer
ORD101184,03-12-2025,December,Q4,2025,49,East,Ahmedabad,Fashion,T-Shirt,353,1200,15.34,358619.76,8084,2323,100,325230.18,341924.97,343790.09,0.55,Medium Demand,Overstocked,Winter
ORD101185,03-03-2025,March,Q1,2025,10,North,Chennai,Home Appliances,Refrigerator,86,35000,11.92,2651208,51824,249,100,2684367.76,2667787.88,2596176.65,2.68,Low Demand,Overstocked,Spring
ORD101186,28-06-2024,June,Q2,2024,26,North,Jaipur,Electronics,Mobile,198,25000,12.66,4323330,61505,1225,100,4055951.55,4189640.77,4287040.73,2.32,Low Demand,Overstocked,Summer
ORD101187,24-09-2025,September,Q3,2025,39,South,Jaipur,Office Supplies,Pen Set,91,500,1.53,44803.85,53863,256,100,38473.07,41638.46,49076.73,17.86,Low Demand,Overstocked,Monsoon
ORD101188,15-10-2025,October,Q4,2025,42,North,Kolkata,Office Supplies,Paper Ream,169,350,12.73,51620.21,44581,1830,100,49570.67,50595.44,48357.09,4.42,Low Demand,Overstocked,Festive
ORD101189,20-09-2024,September,Q3,2024,38,North,Kolkata,Electronics,Mobile,634,25000,5.22,15022630,44741,2205,100,15257930.22,15140280.11,15905129.79,5.05,High Demand,Overstocked,Monsoon
ORD101190,11-12-2025,December,Q4,2025,50,North,Pune,Office Supplies,Pen Set,270,500,15.21,114466.5,62271,1225,100,125769.83,120118.17,120837.91,0.6,Medium Demand,Overstocked,Winter
ORD101191,10-10-2024,October,Q4,2024,41,Central,Delhi,Office Supplies,Pen Set,317,500,5.45,149861.75,58370,948,100,121011.5,135436.62,147293.86,8.75,Medium Demand,Overstocked,Festive
ORD101192,12-05-2024,May,Q2,2024,19,East,Ahmedabad,Fashion,Jacket,700,4500,6.36,2949660,34009,1020,100,2381051.59,2665355.79,2846191.14,6.78,High Demand,Healthy Stock,Summer
ORD101193,06-03-2024,March,Q1,2024,10,Central,Ahmedabad,Office Supplies,Pen Set,652,500,8.42,298550.8,83018,1446,100,303501.72,301026.26,297094.04,1.31,High Demand,Overstocked,Spring
ORD101194,25-07-2025,July,Q3,2025,30,North,Pune,Home Appliances,Refrigerator,404,35000,16.45,11813970,24893,1992,100,13488510.41,12651240.21,11811547.3,6.64,Medium Demand,Overstocked,Monsoon
ORD101195,29-06-2025,June,Q2,2025,26,South,Kolkata,Home Appliances,Refrigerator,83,35000,13.21,2521249.5,79883,421,100,2653750.3,2587499.9,2552173,1.37,Low Demand,Overstocked,Summer
ORD101196,19-12-2024,December,Q4,2024,51,North,Hyderabad,Office Supplies,Pen Set,361,500,5.84,169958.8,46331,1949,100,181822.02,175890.41,153967.87,12.46,Medium Demand,Overstocked,Winter
ORD101197,01-10-2025,October,Q4,2025,40,Central,Bangalore,Office Supplies,Pen Set,825,500,19.92,330330,8068,1262,100,337787.46,334058.73,329719.34,1.3,High Demand,Healthy Stock,Festive
ORD101198,28-08-2024,August,Q3,2024,35,West,Jaipur,Furniture,Desk,671,15000,18.98,8154663,21186,497,100,7814612.57,7984637.79,7683821.19,3.77,High Demand,Stockout Risk,Monsoon
ORD101199,23-04-2024,April,Q2,2024,17,Central,Ahmedabad,Furniture,Office Chair,460,8000,11,3275200,51140,991,100,3168009.25,3221604.62,3340211.76,3.68,Medium Demand,Overstocked,Summer
